date,market_index,closing_level
1991-07-01,CAC,1772.8
1991-07-02,CAC,1750.5
1991-07-03,CAC,1718
1991-07-05,CAC,1708.1
1991-07-06,CAC,1723.1
1991-07-08,CAC,1714.3
1991-07-09,CAC,1734.5
1991-07-10,CAC,1757.4
1991-07-12,CAC,1754
1991-07-13,CAC,1754.3
1991-07-15,CAC,1759.8
1991-07-16,CAC,1755.5
1991-07-17,CAC,1758.1
1991-07-19,CAC,1757.5
1991-07-20,CAC,1763.5
1991-07-22,CAC,1762.8
1991-07-23,CAC,1768.9
1991-07-24,CAC,1778.1
1991-07-26,CAC,1780.1
1991-07-27,CAC,1767.7
1991-07-29,CAC,1757.9
1991-07-30,CAC,1756.6
1991-07-31,CAC,1754.7
1991-08-02,CAC,1766.8
1991-08-03,CAC,1766.5
1991-08-05,CAC,1762.2
1991-08-06,CAC,1759.5
1991-08-08,CAC,1782.4
1991-08-09,CAC,1789.5
1991-08-10,CAC,1783.5
1991-08-12,CAC,1780.4
1991-08-13,CAC,1808.8
1991-08-15,CAC,1820.3
1991-08-16,CAC,1820.3
1991-08-17,CAC,1820.3
1991-08-19,CAC,1687.5
1991-08-20,CAC,1725.6
1991-08-22,CAC,1792.9
1991-08-23,CAC,1819.1
1991-08-24,CAC,1833.5
1991-08-26,CAC,1853.4
1991-08-27,CAC,1849.7
1991-08-29,CAC,1851.8
1991-08-30,CAC,1857.7
1991-08-31,CAC,1864.3
1991-09-02,CAC,1863.5
1991-09-03,CAC,1873.2
1991-09-05,CAC,1860.8
1991-09-06,CAC,1868.7
1991-09-07,CAC,1860.4
1991-09-09,CAC,1855.9
1991-09-10,CAC,1840.5
1991-09-12,CAC,1842.6
1991-09-13,CAC,1861.2
1991-09-14,CAC,1876.2
1991-09-16,CAC,1878.3
1991-09-17,CAC,1878.4
1991-09-19,CAC,1869.4
1991-09-20,CAC,1880.4
1991-09-21,CAC,1885.5
1991-09-23,CAC,1888.4
1991-09-24,CAC,1885.2
1991-09-26,CAC,1877.9
1991-09-27,CAC,1876.5
1991-09-28,CAC,1883.8
1991-09-30,CAC,1880.6
1991-10-01,CAC,1887.4
1991-10-03,CAC,1878.3
1991-10-04,CAC,1867.1
1991-10-05,CAC,1851.9
1991-10-07,CAC,1843.6
1991-10-08,CAC,1848.1
1991-10-10,CAC,1843.4
1991-10-11,CAC,1843.6
1991-10-12,CAC,1833.8
1991-10-14,CAC,1833.4
1991-10-15,CAC,1856.9
1991-10-17,CAC,1863.4
1991-10-18,CAC,1855.5
1991-10-19,CAC,1864.2
1991-10-21,CAC,1846
1991-10-22,CAC,1836.8
1991-10-24,CAC,1830.4
1991-10-25,CAC,1831.6
1991-10-27,CAC,1834.8
1991-10-28,CAC,1852.1
1991-10-29,CAC,1849.8
1991-10-31,CAC,1861.8
1991-11-01,CAC,1856.7
1991-11-03,CAC,1856.7
1991-11-04,CAC,1841.5
1991-11-05,CAC,1846.9
1991-11-07,CAC,1836.1
1991-11-08,CAC,1838.6
1991-11-10,CAC,1857.6
1991-11-11,CAC,1857.6
1991-11-12,CAC,1858.4
1991-11-14,CAC,1846.8
1991-11-15,CAC,1868.5
1991-11-17,CAC,1863.2
1991-11-18,CAC,1808.3
1991-11-19,CAC,1765.1
1991-11-21,CAC,1763.5
1991-11-22,CAC,1766
1991-11-24,CAC,1741.3
1991-11-25,CAC,1743.3
1991-11-26,CAC,1769
1991-11-28,CAC,1757.9
1991-11-29,CAC,1754.9
1991-12-01,CAC,1739.7
1991-12-02,CAC,1708.8
1991-12-03,CAC,1722.2
1991-12-05,CAC,1713.9
1991-12-06,CAC,1703.2
1991-12-08,CAC,1685.7
1991-12-09,CAC,1663.4
1991-12-10,CAC,1636.9
1991-12-12,CAC,1645.6
1991-12-13,CAC,1671.6
1991-12-15,CAC,1688.3
1991-12-16,CAC,1696.8
1991-12-17,CAC,1711.7
1991-12-19,CAC,1706.2
1991-12-20,CAC,1684.2
1991-12-22,CAC,1648.5
1991-12-23,CAC,1633.6
1991-12-24,CAC,1699.1
1991-12-26,CAC,1699.1
1991-12-27,CAC,1722.5
1991-12-29,CAC,1720.7
1991-12-30,CAC,1741.9
1992-01-01,CAC,1765.7
1992-01-02,CAC,1765.7
1992-01-03,CAC,1749.9
1992-01-05,CAC,1770.3
1992-01-06,CAC,1787.6
1992-01-08,CAC,1778.7
1992-01-09,CAC,1785.6
1992-01-10,CAC,1833.9
1992-01-12,CAC,1837.4
1992-01-13,CAC,1824.3
1992-01-15,CAC,1843.8
1992-01-16,CAC,1873.6
1992-01-17,CAC,1860.2
1992-01-19,CAC,1860.2
1992-01-20,CAC,1865.9
1992-01-22,CAC,1867.9
1992-01-23,CAC,1841.3
1992-01-24,CAC,1838.7
1992-01-26,CAC,1849.9
1992-01-27,CAC,1869.3
1992-01-29,CAC,1890.6
1992-01-30,CAC,1879.6
1992-01-31,CAC,1873.9
1992-02-02,CAC,1875.3
1992-02-03,CAC,1857
1992-02-05,CAC,1856.5
1992-02-06,CAC,1865.8
1992-02-08,CAC,1860.6
1992-02-09,CAC,1861.6
1992-02-10,CAC,1865.6
1992-02-12,CAC,1864.1
1992-02-13,CAC,1861.6
1992-02-15,CAC,1876.5
1992-02-16,CAC,1865.1
1992-02-17,CAC,1882.1
1992-02-19,CAC,1912.2
1992-02-20,CAC,1915.4
1992-02-22,CAC,1951.2
1992-02-23,CAC,1962.4
1992-02-24,CAC,1976.5
1992-02-26,CAC,1953.5
1992-02-27,CAC,1981.3
1992-02-29,CAC,1985.1
1992-03-01,CAC,1983.4
1992-03-02,CAC,1979.7
1992-03-04,CAC,1983.8
1992-03-05,CAC,1988.1
1992-03-07,CAC,1973
1992-03-08,CAC,1966.9
1992-03-09,CAC,1976.3
1992-03-11,CAC,1993.9
1992-03-12,CAC,1968
1992-03-14,CAC,1941.8
1992-03-15,CAC,1947.1
1992-03-17,CAC,1929.2
1992-03-18,CAC,1943.6
1992-03-19,CAC,1928.2
1992-03-21,CAC,1922
1992-03-22,CAC,1919.1
1992-03-24,CAC,1884.6
1992-03-25,CAC,1896.3
1992-03-26,CAC,1928.3
1992-03-28,CAC,1934.8
1992-03-29,CAC,1923.5
1992-03-31,CAC,1943.8
1992-04-01,CAC,1942.4
1992-04-02,CAC,1928.1
1992-04-04,CAC,1942
1992-04-05,CAC,1942.7
1992-04-07,CAC,1974.8
1992-04-08,CAC,1975.4
1992-04-09,CAC,1907.5
1992-04-11,CAC,1943.6
1992-04-12,CAC,1974.1
1992-04-14,CAC,1963.3
1992-04-15,CAC,1972.3
1992-04-16,CAC,1990.7
1992-04-18,CAC,1978.2
1992-04-19,CAC,1978.2
1992-04-21,CAC,1978.2
1992-04-22,CAC,1980.4
1992-04-24,CAC,1983.7
1992-04-25,CAC,1978.1
1992-04-26,CAC,1984.9
1992-04-28,CAC,1995.7
1992-04-29,CAC,2006.6
1992-05-01,CAC,2036.7
1992-05-02,CAC,2031.1
1992-05-03,CAC,2031.1
1992-05-05,CAC,2041.6
1992-05-06,CAC,2046.9
1992-05-08,CAC,2047.2
1992-05-09,CAC,2063.4
1992-05-10,CAC,2063.4
1992-05-12,CAC,2077.5
1992-05-13,CAC,2063.6
1992-05-15,CAC,2053.2
1992-05-16,CAC,2017
1992-05-17,CAC,2024
1992-05-19,CAC,2051.6
1992-05-20,CAC,2023.1
1992-05-22,CAC,2030.8
1992-05-23,CAC,2016.8
1992-05-24,CAC,2045.1
1992-05-26,CAC,2046.3
1992-05-27,CAC,2029.6
1992-05-29,CAC,2014.1
1992-05-30,CAC,2014.1
1992-06-01,CAC,2033.3
1992-06-02,CAC,2017.4
1992-06-03,CAC,2024.9
1992-06-05,CAC,1992.6
1992-06-06,CAC,1994.9
1992-06-08,CAC,1981.6
1992-06-09,CAC,1981.6
1992-06-10,CAC,1962.2
1992-06-12,CAC,1953.7
1992-06-13,CAC,1928.8
1992-06-15,CAC,1928.3
1992-06-16,CAC,1918.1
1992-06-17,CAC,1931.4
1992-06-19,CAC,1908.8
1992-06-20,CAC,1891.8
1992-06-22,CAC,1913.9
1992-06-23,CAC,1885.8
1992-06-24,CAC,1895.8
1992-06-26,CAC,1899.6
1992-06-27,CAC,1920.3
1992-06-29,CAC,1915.3
1992-06-30,CAC,1907.3
1992-07-02,CAC,1900.6
1992-07-03,CAC,1880.9
1992-07-04,CAC,1873.5
1992-07-06,CAC,1883.6
1992-07-07,CAC,1868.5
1992-07-09,CAC,1879.1
1992-07-10,CAC,1847.8
1992-07-11,CAC,1861.8
1992-07-13,CAC,1859.4
1992-07-14,CAC,1859.4
1992-07-16,CAC,1859.4
1992-07-17,CAC,1853.3
1992-07-18,CAC,1851.2
1992-07-20,CAC,1801.8
1992-07-21,CAC,1767.9
1992-07-23,CAC,1762.7
1992-07-24,CAC,1727.5
1992-07-25,CAC,1734.6
1992-07-27,CAC,1734.6
1992-07-28,CAC,1755.4
1992-07-30,CAC,1769
1992-07-31,CAC,1801.6
1992-08-01,CAC,1782.6
1992-08-03,CAC,1754.7
1992-08-04,CAC,1784.4
1992-08-06,CAC,1787.6
1992-08-07,CAC,1798
1992-08-09,CAC,1793.8
1992-08-10,CAC,1777.3
1992-08-11,CAC,1755.2
1992-08-13,CAC,1737.8
1992-08-14,CAC,1730.1
1992-08-16,CAC,1722.4
1992-08-17,CAC,1753.5
1992-08-18,CAC,1757.3
1992-08-20,CAC,1736.7
1992-08-21,CAC,1734.2
1992-08-23,CAC,1724.2
1992-08-24,CAC,1744.2
1992-08-25,CAC,1689.7
1992-08-27,CAC,1667.7
1992-08-28,CAC,1667.8
1992-08-30,CAC,1687.6
1992-08-31,CAC,1687.5
1992-09-01,CAC,1684.9
1992-09-03,CAC,1674.2
1992-09-04,CAC,1711.4
1992-09-06,CAC,1780.5
1992-09-07,CAC,1779
1992-09-08,CAC,1779.3
1992-09-10,CAC,1763.7
1992-09-11,CAC,1756.8
1992-09-13,CAC,1774.2
1992-09-14,CAC,1802
1992-09-16,CAC,1873.6
1992-09-17,CAC,1836.2
1992-09-18,CAC,1859.8
1992-09-20,CAC,1852.7
1992-09-21,CAC,1882.9
1992-09-23,CAC,1826.1
1992-09-24,CAC,1832.8
1992-09-25,CAC,1828.9
1992-09-27,CAC,1829.5
1992-09-28,CAC,1843.5
1992-09-30,CAC,1770.3
1992-10-01,CAC,1731.9
1992-10-02,CAC,1736.7
1992-10-04,CAC,1724
1992-10-05,CAC,1683.3
1992-10-07,CAC,1611
1992-10-08,CAC,1612.5
1992-10-09,CAC,1654.2
1992-10-11,CAC,1673.9
1992-10-12,CAC,1657.3
1992-10-14,CAC,1655.1
1992-10-15,CAC,1685.1
1992-10-16,CAC,1667.9
1992-10-18,CAC,1650
1992-10-19,CAC,1664.2
1992-10-21,CAC,1679.1
1992-10-22,CAC,1731.3
1992-10-24,CAC,1722.2
1992-10-25,CAC,1730.7
1992-10-26,CAC,1766.4
1992-10-28,CAC,1770.7
1992-10-29,CAC,1774.5
1992-10-31,CAC,1749.9
1992-11-01,CAC,1730.9
1992-11-02,CAC,1742.4
1992-11-04,CAC,1742.4
1992-11-05,CAC,1786.9
1992-11-07,CAC,1804.1
1992-11-08,CAC,1804.7
1992-11-09,CAC,1793.6
1992-11-11,CAC,1786.7
1992-11-12,CAC,1798.5
1992-11-14,CAC,1798.5
1992-11-15,CAC,1821.5
1992-11-16,CAC,1796.8
1992-11-18,CAC,1772.7
1992-11-19,CAC,1764.4
1992-11-21,CAC,1759.2
1992-11-22,CAC,1722.3
1992-11-23,CAC,1724.2
1992-11-25,CAC,1674.8
1992-11-26,CAC,1720.6
1992-11-28,CAC,1721
1992-11-29,CAC,1739.7
1992-12-01,CAC,1749.7
1992-12-02,CAC,1771.4
1992-12-03,CAC,1792.3
1992-12-05,CAC,1783.3
1992-12-06,CAC,1799.4
1992-12-08,CAC,1781.7
1992-12-09,CAC,1788.6
1992-12-10,CAC,1765.9
1992-12-12,CAC,1791.2
1992-12-13,CAC,1769.5
1992-12-15,CAC,1758.7
1992-12-16,CAC,1738.3
1992-12-17,CAC,1744.8
1992-12-19,CAC,1736.7
1992-12-20,CAC,1735.2
1992-12-22,CAC,1760.1
1992-12-23,CAC,1786.3
1992-12-24,CAC,1824.4
1992-12-26,CAC,1821.1
1992-12-27,CAC,1854.6
1992-12-29,CAC,1854.6
1992-12-30,CAC,1857.5
1993-01-01,CAC,1870.3
1993-01-02,CAC,1858.8
1993-01-03,CAC,1857.8
1993-01-05,CAC,1857.8
1993-01-06,CAC,1843.1
1993-01-08,CAC,1850.8
1993-01-09,CAC,1859.6
1993-01-10,CAC,1844.5
1993-01-12,CAC,1852.6
1993-01-13,CAC,1814.6
1993-01-15,CAC,1796.8
1993-01-16,CAC,1782.5
1993-01-17,CAC,1803.5
1993-01-19,CAC,1827.1
1993-01-20,CAC,1837.5
1993-01-22,CAC,1837.7
1993-01-23,CAC,1818.8
1993-01-24,CAC,1812.2
1993-01-26,CAC,1820.4
1993-01-27,CAC,1779.9
1993-01-29,CAC,1792.6
1993-01-30,CAC,1777.4
1993-01-31,CAC,1780.6
1993-02-02,CAC,1772.2
1993-02-03,CAC,1785.9
1993-02-05,CAC,1787.3
1993-02-06,CAC,1824.1
1993-02-07,CAC,1854.4
1993-02-09,CAC,1908.2
1993-02-10,CAC,1904.7
1993-02-12,CAC,1894.1
1993-02-13,CAC,1893.3
1993-02-14,CAC,1905.6
1993-02-16,CAC,1912
1993-02-17,CAC,1899.5
1993-02-19,CAC,1878.2
1993-02-20,CAC,1905
1993-02-21,CAC,1926.5
1993-02-23,CAC,1937.2
1993-02-24,CAC,1959.2
1993-02-26,CAC,1944.1
1993-02-27,CAC,1953.4
1993-02-28,CAC,1944.6
1993-03-02,CAC,1983.7
1993-03-03,CAC,1998.8
1993-03-05,CAC,2001.5
1993-03-06,CAC,1995.2
1993-03-07,CAC,1986.8
1993-03-09,CAC,1995.1
1993-03-10,CAC,2004.3
1993-03-12,CAC,2009.7
1993-03-13,CAC,1992.4
1993-03-15,CAC,1988.9
1993-03-16,CAC,1965.2
1993-03-17,CAC,1986
1993-03-19,CAC,1975.3
1993-03-20,CAC,1967.3
1993-03-22,CAC,1963.5
1993-03-23,CAC,1962.7
1993-03-24,CAC,1939.3
1993-03-26,CAC,1952.2
1993-03-27,CAC,1954.6
1993-03-29,CAC,2001.4
1993-03-30,CAC,2025.8
1993-03-31,CAC,2033.9
1993-04-02,CAC,2035.9
1993-04-03,CAC,2031.4
1993-04-05,CAC,2005.9
1993-04-06,CAC,1990.8
1993-04-07,CAC,1974.7
1993-04-09,CAC,1995.3
1993-04-10,CAC,1984
1993-04-12,CAC,1986.9
1993-04-13,CAC,1986.9
1993-04-14,CAC,1986.9
1993-04-16,CAC,2018.1
1993-04-17,CAC,2015.4
1993-04-19,CAC,1988.6
1993-04-20,CAC,1986.7
1993-04-21,CAC,1968.9
1993-04-23,CAC,1949.3
1993-04-24,CAC,1931.9
1993-04-26,CAC,1944.5
1993-04-27,CAC,1916.6
1993-04-28,CAC,1911.6
1993-04-30,CAC,1927.4
1993-05-01,CAC,1942.5
1993-05-03,CAC,1920.6
1993-05-04,CAC,1939
1993-05-05,CAC,1937
1993-05-07,CAC,1923.6
1993-05-08,CAC,1926.3
1993-05-10,CAC,1920.5
1993-05-11,CAC,1878.6
1993-05-12,CAC,1877.2
1993-05-14,CAC,1854.5
1993-05-15,CAC,1872.7
1993-05-17,CAC,1879.9
1993-05-18,CAC,1851.7
1993-05-19,CAC,1835.7
1993-05-21,CAC,1846.4
1993-05-22,CAC,1836.8
1993-05-24,CAC,1836.8
1993-05-25,CAC,1836.8
1993-05-27,CAC,1861.4
1993-05-28,CAC,1891.1
1993-05-29,CAC,1890.4
1993-05-31,CAC,1904.6
1993-06-01,CAC,1888.7
1993-06-03,CAC,1888.7
1993-06-04,CAC,1872.8
1993-06-05,CAC,1875.8
1993-06-07,CAC,1867.9
1993-06-08,CAC,1859.7
1993-06-10,CAC,1887.9
1993-06-11,CAC,1893.7
1993-06-12,CAC,1915.2
1993-06-14,CAC,1911.2
1993-06-15,CAC,1920.4
1993-06-17,CAC,1916.8
1993-06-18,CAC,1897.9
1993-06-19,CAC,1918.8
1993-06-21,CAC,1900.3
1993-06-22,CAC,1910.3
1993-06-24,CAC,1929.2
1993-06-25,CAC,1935.3
1993-06-26,CAC,1942.4
1993-06-28,CAC,1963.3
1993-06-29,CAC,1960.8
1993-07-01,CAC,1991
1993-07-02,CAC,1977.5
1993-07-03,CAC,1971.9
1993-07-05,CAC,1960.2
1993-07-06,CAC,1941.2
1993-07-08,CAC,1925.4
1993-07-09,CAC,1935.1
1993-07-10,CAC,1943.7
1993-07-12,CAC,1980.4
1993-07-13,CAC,1985.7
1993-07-15,CAC,1992.2
1993-07-16,CAC,1991.2
1993-07-17,CAC,1991.2
1993-07-19,CAC,1963.1
1993-07-20,CAC,1974.9
1993-07-22,CAC,1981.7
1993-07-23,CAC,1968.4
1993-07-24,CAC,1947.5
1993-07-26,CAC,1965.7
1993-07-27,CAC,1995
1993-07-29,CAC,2006.2
1993-07-30,CAC,1998.1
1993-07-31,CAC,1989.5
1993-08-02,CAC,2036
1993-08-03,CAC,2085.9
1993-08-05,CAC,2129
1993-08-06,CAC,2110.6
1993-08-08,CAC,2101.4
1993-08-09,CAC,2115.3
1993-08-10,CAC,2149.8
1993-08-12,CAC,2138.5
1993-08-13,CAC,2139.8
1993-08-15,CAC,2167.4
1993-08-16,CAC,2161.9
1993-08-17,CAC,2148
1993-08-19,CAC,2148
1993-08-20,CAC,2136.3
1993-08-22,CAC,2160.8
1993-08-23,CAC,2139.2
1993-08-24,CAC,2128.2
1993-08-26,CAC,2111.4
1993-08-27,CAC,2123.4
1993-08-29,CAC,2159.3
1993-08-30,CAC,2173.6
1993-08-31,CAC,2183.9
1993-09-02,CAC,2205.7
1993-09-03,CAC,2216.5
1993-09-05,CAC,2191.9
1993-09-06,CAC,2185.1
1993-09-07,CAC,2156.1
1993-09-09,CAC,2158
1993-09-10,CAC,2137.3
1993-09-12,CAC,2129.4
1993-09-13,CAC,2108.8
1993-09-14,CAC,2108.4
1993-09-16,CAC,2119.1
1993-09-17,CAC,2134.1
1993-09-19,CAC,2078.5
1993-09-20,CAC,2075.6
1993-09-21,CAC,2099.5
1993-09-23,CAC,2107.4
1993-09-24,CAC,2094.4
1993-09-26,CAC,2080
1993-09-27,CAC,2057.5
1993-09-28,CAC,2092.6
1993-09-30,CAC,2108.6
1993-10-01,CAC,2120
1993-10-03,CAC,2126.8
1993-10-04,CAC,2114.6
1993-10-05,CAC,2116.7
1993-10-07,CAC,2128.7
1993-10-08,CAC,2158.8
1993-10-10,CAC,2164.5
1993-10-11,CAC,2147.4
1993-10-12,CAC,2156.4
1993-10-14,CAC,2138.7
1993-10-15,CAC,2126.9
1993-10-17,CAC,2127.3
1993-10-18,CAC,2113.9
1993-10-20,CAC,2139.3
1993-10-21,CAC,2145
1993-10-22,CAC,2147.3
1993-10-24,CAC,2149.7
1993-10-25,CAC,2199.7
1993-10-27,CAC,2231.9
1993-10-28,CAC,2227.7
1993-10-29,CAC,2210.4
1993-10-31,CAC,2192
1993-11-01,CAC,2196
1993-11-03,CAC,2182
1993-11-04,CAC,2182
1993-11-05,CAC,2169.7
1993-11-07,CAC,2171.2
1993-11-08,CAC,2136
1993-11-10,CAC,2081
1993-11-11,CAC,2084.8
1993-11-12,CAC,2112.9
1993-11-14,CAC,2087.3
1993-11-15,CAC,2087.3
1993-11-17,CAC,2096.9
1993-11-18,CAC,2117.9
1993-11-19,CAC,2115.9
1993-11-21,CAC,2148
1993-11-22,CAC,2149.7
1993-11-24,CAC,2145.2
1993-11-25,CAC,2082.6
1993-11-26,CAC,2071.5
1993-11-28,CAC,2070.6
1993-11-29,CAC,2118.4
1993-12-01,CAC,2120.6
1993-12-02,CAC,2119.3
1993-12-03,CAC,2110.1
1993-12-05,CAC,2154
1993-12-06,CAC,2160.5
1993-12-08,CAC,2188.4
1993-12-09,CAC,2186.7
1993-12-10,CAC,2176.1
1993-12-12,CAC,2205.3
1993-12-13,CAC,2211.4
1993-12-15,CAC,2198.1
1993-12-16,CAC,2196.3
1993-12-17,CAC,2156.5
1993-12-19,CAC,2162.6
1993-12-20,CAC,2160.3
1993-12-22,CAC,2196.4
1993-12-23,CAC,2223.5
1993-12-24,CAC,2215.9
1993-12-26,CAC,2225.8
1993-12-27,CAC,2243
1993-12-29,CAC,2251.5
1993-12-30,CAC,2276.6
1994-01-01,CAC,2264.6
1994-01-02,CAC,2281.9
1994-01-03,CAC,2281.2
1994-01-05,CAC,2268.2
1994-01-06,CAC,2290.6
1994-01-08,CAC,2274.3
1994-01-09,CAC,2249.6
1994-01-10,CAC,2275.1
1994-01-12,CAC,2307.6
1994-01-13,CAC,2317.3
1994-01-15,CAC,2331.3
1994-01-16,CAC,2281.9
1994-01-17,CAC,2252.2
1994-01-19,CAC,2262.3
1994-01-20,CAC,2234.8
1994-01-22,CAC,2247.4
1994-01-23,CAC,2274.7
1994-01-24,CAC,2257.8
1994-01-26,CAC,2244
1994-01-27,CAC,2274.5
1994-01-29,CAC,2278.3
1994-01-30,CAC,2282.4
1994-01-31,CAC,2281
1994-02-02,CAC,2313.2
1994-02-03,CAC,2334.4
1994-02-05,CAC,2331.3
1994-02-06,CAC,2355.9
1994-02-07,CAC,2322
1994-02-09,CAC,2329.2
1994-02-10,CAC,2287.1
1994-02-12,CAC,2299.9
1994-02-13,CAC,2302.1
1994-02-14,CAC,2296.8
1994-02-16,CAC,2275.1
1994-02-17,CAC,2281.6
1994-02-19,CAC,2258
1994-02-20,CAC,2258
1994-02-21,CAC,2281.2
1994-02-23,CAC,2251.8
1994-02-24,CAC,2215.2
1994-02-26,CAC,2226.7
1994-02-27,CAC,2252
1994-02-28,CAC,2208.3
1994-03-02,CAC,2199
1994-03-03,CAC,2238.1
1994-03-05,CAC,2183.1
1994-03-06,CAC,2144.7
1994-03-07,CAC,2144.7
1994-03-09,CAC,2178.7
1994-03-10,CAC,2219.9
1994-03-12,CAC,2216.4
1994-03-13,CAC,2199.7
1994-03-15,CAC,2184.6
1994-03-16,CAC,2175
1994-03-17,CAC,2215
1994-03-19,CAC,2258.5
1994-03-20,CAC,2242.7
1994-03-22,CAC,2247.8
1994-03-23,CAC,2221.3
1994-03-24,CAC,2202.7
1994-03-26,CAC,2200.7
1994-03-27,CAC,2200.2
1994-03-29,CAC,2152.6
1994-03-30,CAC,2136.6
1994-03-31,CAC,2144.5
1994-04-02,CAC,2123.4
1994-04-03,CAC,2083.9
1994-04-05,CAC,2081.9
1994-04-06,CAC,2081.9
1994-04-07,CAC,2081.9
1994-04-09,CAC,2100.3
1994-04-10,CAC,2128.2
1994-04-12,CAC,2119.6
1994-04-13,CAC,2114.8
1994-04-14,CAC,2145.3
1994-04-16,CAC,2148.6
1994-04-17,CAC,2152.4
1994-04-19,CAC,2139.1
1994-04-20,CAC,2159.6
1994-04-21,CAC,2160.1
1994-04-23,CAC,2136
1994-04-24,CAC,2102.7
1994-04-26,CAC,2092
1994-04-27,CAC,2135.2
1994-04-28,CAC,2116.3
1994-04-30,CAC,2130.9
1994-05-01,CAC,2147.3
1994-05-03,CAC,2150.3
1994-05-04,CAC,2166
1994-05-05,CAC,2186.2
1994-05-07,CAC,2179
1994-05-08,CAC,2141.6
1994-05-10,CAC,2162.6
1994-05-11,CAC,2158.2
1994-05-12,CAC,2139.4
1994-05-14,CAC,2165
1994-05-15,CAC,2176.7
1994-05-17,CAC,2176.7
1994-05-18,CAC,2187
1994-05-19,CAC,2187.8
1994-05-21,CAC,2195.2
1994-05-22,CAC,2184
1994-05-24,CAC,2165.4
1994-05-25,CAC,2155.4
1994-05-27,CAC,2155.4
1994-05-28,CAC,2133.3
1994-05-29,CAC,2084.4
1994-05-31,CAC,2091.9
1994-06-01,CAC,2050.7
1994-06-03,CAC,2052.5
1994-06-04,CAC,2029.9
1994-06-05,CAC,1979.7
1994-06-07,CAC,2007.4
1994-06-08,CAC,2041.7
1994-06-10,CAC,2037.2
1994-06-11,CAC,2023.7
1994-06-12,CAC,2046.8
1994-06-14,CAC,2028.4
1994-06-15,CAC,2020.7
1994-06-17,CAC,1977.7
1994-06-18,CAC,1992
1994-06-19,CAC,1966.4
1994-06-21,CAC,1942.8
1994-06-22,CAC,1936
1994-06-24,CAC,1903
1994-06-25,CAC,1890.8
1994-06-26,CAC,1917
1994-06-28,CAC,1939
1994-06-29,CAC,1907
1994-07-01,CAC,1911.6
1994-07-02,CAC,1925.8
1994-07-03,CAC,1936.3
1994-07-05,CAC,1892
1994-07-06,CAC,1872.9
1994-07-08,CAC,1866.2
1994-07-09,CAC,1878.7
1994-07-10,CAC,1889
1994-07-12,CAC,1920.8
1994-07-13,CAC,1920.8
1994-07-15,CAC,1949.8
1994-07-16,CAC,1942.1
1994-07-17,CAC,1974.6
1994-07-19,CAC,1974.6
1994-07-20,CAC,1974.6
1994-07-22,CAC,2025.1
1994-07-23,CAC,2052.3
1994-07-24,CAC,2043.7
1994-07-26,CAC,2053.8
1994-07-27,CAC,2041.4
1994-07-29,CAC,2059.8
1994-07-30,CAC,2076.8
1994-07-31,CAC,2055.7
1994-08-02,CAC,2053.4
1994-08-03,CAC,2075
1994-08-05,CAC,2069.6
1994-08-06,CAC,2117.2
1994-08-08,CAC,2115
1994-08-09,CAC,2096.5
1994-08-10,CAC,2107.1
1994-08-12,CAC,2106.3
1994-08-13,CAC,2074.5
1994-08-15,CAC,2064.2
1994-08-16,CAC,2038.9
1994-08-17,CAC,2007
1994-08-19,CAC,2007
1994-08-20,CAC,2012.4
1994-08-22,CAC,2035
1994-08-23,CAC,2010.5
1994-08-24,CAC,2001.3
1994-08-26,CAC,1972.6
1994-08-27,CAC,2000.6
1994-08-29,CAC,2006.3
1994-08-30,CAC,2026.5
1994-08-31,CAC,2062.7
1994-09-02,CAC,2075.3
1994-09-03,CAC,2060.4
1994-09-05,CAC,2069.1
1994-09-06,CAC,2034.9
1994-09-07,CAC,2020.4
1994-09-09,CAC,1998.2
1994-09-10,CAC,1961.5
1994-09-12,CAC,1964.2
1994-09-13,CAC,1983.4
1994-09-14,CAC,1948.8
1994-09-16,CAC,1966.8
1994-09-17,CAC,1969.4
1994-09-19,CAC,1952.9
1994-09-20,CAC,1977.3
1994-09-21,CAC,1924.6
1994-09-23,CAC,1922.9
1994-09-24,CAC,1919.3
1994-09-26,CAC,1897.2
1994-09-27,CAC,1899.4
1994-09-28,CAC,1927.4
1994-09-30,CAC,1902.7
1994-10-01,CAC,1901.3
1994-10-03,CAC,1905
1994-10-04,CAC,1876.2
1994-10-05,CAC,1879.3
1994-10-07,CAC,1852.8
1994-10-08,CAC,1876.1
1994-10-10,CAC,1833.7
1994-10-11,CAC,1843.4
1994-10-12,CAC,1856.4
1994-10-14,CAC,1898.3
1994-10-15,CAC,1919
1994-10-17,CAC,1918.1
1994-10-18,CAC,1955.6
1994-10-20,CAC,1933
1994-10-21,CAC,1906.4
1994-10-22,CAC,1898.6
1994-10-24,CAC,1876.3
1994-10-25,CAC,1867.4
1994-10-27,CAC,1842.1
1994-10-28,CAC,1841.6
1994-10-29,CAC,1824.4
1994-10-31,CAC,1831.5
1994-11-01,CAC,1858.1
1994-11-03,CAC,1905.7
1994-11-04,CAC,1905.7
1994-11-05,CAC,1905.7
1994-11-07,CAC,1873.6
1994-11-08,CAC,1911.1
1994-11-10,CAC,1931.7
1994-11-11,CAC,1906.1
1994-11-12,CAC,1921.5
1994-11-14,CAC,1943.9
1994-11-15,CAC,1948.4
1994-11-17,CAC,1948.4
1994-11-18,CAC,1941.1
1994-11-19,CAC,1954.5
1994-11-21,CAC,1950.2
1994-11-22,CAC,1927.5
1994-11-24,CAC,1926.5
1994-11-25,CAC,1927.8
1994-11-26,CAC,1911.4
1994-11-28,CAC,1893.1
1994-11-29,CAC,1934.7
1994-12-01,CAC,1945.9
1994-12-02,CAC,1952.4
1994-12-03,CAC,1940
1994-12-05,CAC,1975.9
1994-12-06,CAC,1964
1994-12-08,CAC,1982.7
1994-12-09,CAC,1973.7
1994-12-10,CAC,1969
1994-12-12,CAC,1969.8
1994-12-13,CAC,1954.1
1994-12-15,CAC,1937
1994-12-16,CAC,1919.3
1994-12-17,CAC,1917.1
1994-12-19,CAC,1930.2
1994-12-20,CAC,1931.1
1994-12-22,CAC,1924.2
1994-12-23,CAC,1928.1
1994-12-24,CAC,1924.7
1994-12-26,CAC,1940.9
1994-12-27,CAC,1952.1
1994-12-29,CAC,1949.9
1994-12-30,CAC,1966.6
1995-01-01,CAC,1956
1995-01-02,CAC,1927.8
1995-01-03,CAC,1894.2
1995-01-05,CAC,1881.2
1995-01-06,CAC,1881.2
1995-01-08,CAC,1885.9
1995-01-09,CAC,1901.8
1995-01-10,CAC,1871.5
1995-01-12,CAC,1886.4
1995-01-13,CAC,1864.2
1995-01-15,CAC,1859.2
1995-01-16,CAC,1849.1
1995-01-17,CAC,1844.1
1995-01-19,CAC,1854
1995-01-20,CAC,1872.8
1995-01-22,CAC,1856.9
1995-01-23,CAC,1860.3
1995-01-24,CAC,1837.1
1995-01-26,CAC,1813.3
1995-01-27,CAC,1772.8
1995-01-29,CAC,1780.2
1995-01-30,CAC,1802.5
1995-01-31,CAC,1826.3
1995-02-02,CAC,1814.1
1995-02-03,CAC,1813.4
1995-02-05,CAC,1797.9
1995-02-06,CAC,1827.8
1995-02-07,CAC,1816.1
1995-02-09,CAC,1842.4
1995-02-10,CAC,1872.1
1995-02-12,CAC,1870.4
1995-02-13,CAC,1850.9
1995-02-14,CAC,1874.4
1995-02-16,CAC,1869.4
1995-02-17,CAC,1850.1
1995-02-19,CAC,1856.1
1995-02-20,CAC,1861.9
1995-02-21,CAC,1835
1995-02-23,CAC,1822.5
1995-02-24,CAC,1802.2
1995-02-26,CAC,1805.6
1995-02-27,CAC,1804.4
1995-02-28,CAC,1827
1995-03-02,CAC,1805.7
1995-03-03,CAC,1802.2
1995-03-05,CAC,1776.9
1995-03-06,CAC,1808.4
1995-03-07,CAC,1807.4
1995-03-09,CAC,1795.2
1995-03-10,CAC,1773.3
1995-03-12,CAC,1748.6
1995-03-13,CAC,1756.8
1995-03-15,CAC,1727.1
1995-03-16,CAC,1743.1
1995-03-17,CAC,1721.8
1995-03-19,CAC,1769
1995-03-20,CAC,1738.6
1995-03-22,CAC,1785.8
1995-03-23,CAC,1788.8
1995-03-24,CAC,1811.6
1995-03-26,CAC,1813.8
1995-03-27,CAC,1818
1995-03-29,CAC,1795.7
1995-03-30,CAC,1817.3
1995-03-31,CAC,1836.1
1995-04-02,CAC,1837.2
1995-04-03,CAC,1852.4
1995-04-05,CAC,1893
1995-04-06,CAC,1859.5
1995-04-07,CAC,1864
1995-04-09,CAC,1882.8
1995-04-10,CAC,1872.9
1995-04-12,CAC,1890.2
1995-04-13,CAC,1900.4
1995-04-14,CAC,1880.9
1995-04-16,CAC,1869.3
1995-04-17,CAC,1871.9
1995-04-19,CAC,1881.1
1995-04-20,CAC,1881.1
1995-04-21,CAC,1881.1
1995-04-23,CAC,1855.7
1995-04-24,CAC,1874.9
1995-04-26,CAC,1882
1995-04-27,CAC,1928.4
1995-04-28,CAC,1918.5
1995-04-30,CAC,1945.9
1995-05-01,CAC,1942.3
1995-05-03,CAC,1931
1995-05-04,CAC,1918.5
1995-05-05,CAC,1918.5
1995-05-07,CAC,1936.9
1995-05-08,CAC,1971.1
1995-05-10,CAC,1946.2
1995-05-11,CAC,1927.4
1995-05-12,CAC,1927.4
1995-05-14,CAC,1988.7
1995-05-15,CAC,1996.7
1995-05-17,CAC,2003.6
1995-05-18,CAC,2017.3
1995-05-19,CAC,1991.5
1995-05-21,CAC,2001.3
1995-05-22,CAC,2004.7
1995-05-24,CAC,1989.8
1995-05-25,CAC,1965.5
1995-05-27,CAC,1979.5
1995-05-28,CAC,1965.3
1995-05-29,CAC,1960.7
1995-05-31,CAC,1960.7
1995-06-01,CAC,1919.1
1995-06-03,CAC,1927.8
1995-06-04,CAC,1927.3
1995-06-05,CAC,1948
1995-06-07,CAC,1960.8
1995-06-08,CAC,1971.3
1995-06-10,CAC,1971.3
1995-06-11,CAC,1965.9
1995-06-12,CAC,1974.7
1995-06-14,CAC,1951.2
1995-06-15,CAC,1897
1995-06-17,CAC,1907.8
1995-06-18,CAC,1922.8
1995-06-19,CAC,1893.7
1995-06-21,CAC,1920.7
1995-06-22,CAC,1905
1995-06-24,CAC,1918.4
1995-06-25,CAC,1896.1
1995-06-26,CAC,1902.8
1995-06-28,CAC,1925.2
1995-06-29,CAC,1895.1
1995-07-01,CAC,1902.4
1995-07-02,CAC,1877.7
1995-07-03,CAC,1865.5
1995-07-05,CAC,1861.9
1995-07-06,CAC,1858.8
1995-07-08,CAC,1879.7
1995-07-09,CAC,1889.4
1995-07-10,CAC,1907.8
1995-07-12,CAC,1889.5
1995-07-13,CAC,1950.8
1995-07-15,CAC,1949.4
1995-07-16,CAC,1961.3
1995-07-17,CAC,1961.7
1995-07-19,CAC,1948.3
1995-07-20,CAC,1948.3
1995-07-22,CAC,1951.5
1995-07-23,CAC,1929
1995-07-24,CAC,1931.2
1995-07-26,CAC,1905.9
1995-07-27,CAC,1908.9
1995-07-29,CAC,1926.6
1995-07-30,CAC,1941.3
1995-07-31,CAC,1942.5
1995-08-02,CAC,1947.9
1995-08-03,CAC,1932.8
1995-08-05,CAC,1920
1995-08-06,CAC,1917.8
1995-08-08,CAC,1960
1995-08-09,CAC,1950.8
1995-08-10,CAC,1957.1
1995-08-12,CAC,1950.4
1995-08-13,CAC,1954.7
1995-08-15,CAC,1943.7
1995-08-16,CAC,1949.2
1995-08-17,CAC,1946.2
1995-08-19,CAC,1946.2
1995-08-20,CAC,1946.2
1995-08-22,CAC,1970.4
1995-08-23,CAC,1967.3
1995-08-24,CAC,1971.6
1995-08-26,CAC,1984.4
1995-08-27,CAC,1963.3
1995-08-29,CAC,1957.4
1995-08-30,CAC,1939.2
1995-08-31,CAC,1937.8
1995-09-02,CAC,1890.1
1995-09-03,CAC,1899.5
1995-09-05,CAC,1921.4
1995-09-06,CAC,1883.4
1995-09-07,CAC,1881.7
1995-09-09,CAC,1900.5
1995-09-10,CAC,1902.5
1995-09-12,CAC,1884.8
1995-09-13,CAC,1861.7
1995-09-14,CAC,1854.9
1995-09-16,CAC,1869.7
1995-09-17,CAC,1873.6
1995-09-19,CAC,1898.2
1995-09-20,CAC,1892.4
1995-09-21,CAC,1880
1995-09-23,CAC,1871.7
1995-09-24,CAC,1882.5
1995-09-26,CAC,1863.8
1995-09-27,CAC,1853.9
1995-09-28,CAC,1790.7
1995-09-30,CAC,1800.6
1995-10-01,CAC,1816.3
1995-10-03,CAC,1791.8
1995-10-04,CAC,1767.6
1995-10-05,CAC,1788.4
1995-10-07,CAC,1780.7
1995-10-08,CAC,1800.7
1995-10-10,CAC,1803.9
1995-10-11,CAC,1800.3
1995-10-12,CAC,1809.6
1995-10-14,CAC,1785.7
1995-10-15,CAC,1778
1995-10-17,CAC,1794.4
1995-10-18,CAC,1803.8
1995-10-20,CAC,1817
1995-10-21,CAC,1790.5
1995-10-22,CAC,1779.7
1995-10-24,CAC,1770.7
1995-10-25,CAC,1757.3
1995-10-27,CAC,1740.7
1995-10-28,CAC,1721.1
1995-10-29,CAC,1724.2
1995-10-31,CAC,1764.1
1995-11-01,CAC,1754.1
1995-11-03,CAC,1742.4
1995-11-04,CAC,1795.3
1995-11-05,CAC,1814
1995-11-07,CAC,1814
1995-11-08,CAC,1828.7
1995-11-10,CAC,1832.1
1995-11-11,CAC,1822.6
1995-11-12,CAC,1857.4
1995-11-14,CAC,1866.3
1995-11-15,CAC,1852.6
1995-11-17,CAC,1839.8
1995-11-18,CAC,1838.2
1995-11-19,CAC,1838.2
1995-11-21,CAC,1875.2
1995-11-22,CAC,1905.1
1995-11-24,CAC,1890.5
1995-11-25,CAC,1881.4
1995-11-26,CAC,1872.9
1995-11-28,CAC,1875.5
1995-11-29,CAC,1867.1
1995-12-01,CAC,1891
1995-12-02,CAC,1889.8
1995-12-03,CAC,1870.3
1995-12-05,CAC,1857.3
1995-12-06,CAC,1828.3
1995-12-08,CAC,1820.9
1995-12-09,CAC,1774.9
1995-12-10,CAC,1814.9
1995-12-12,CAC,1834.8
1995-12-13,CAC,1846.8
1995-12-15,CAC,1856.3
1995-12-16,CAC,1849.6
1995-12-17,CAC,1848.9
1995-12-19,CAC,1833.8
1995-12-20,CAC,1875
1995-12-22,CAC,1859.3
1995-12-23,CAC,1820.5
1995-12-24,CAC,1810.2
1995-12-26,CAC,1831.2
1995-12-27,CAC,1834.4
1995-12-29,CAC,1873.4
1995-12-30,CAC,1873.4
1996-01-01,CAC,1866.7
1996-01-02,CAC,1877
1996-01-03,CAC,1879.1
1996-01-05,CAC,1872
1996-01-06,CAC,1872
1996-01-08,CAC,1908.4
1996-01-09,CAC,1943
1996-01-10,CAC,1931.2
1996-01-12,CAC,1917.7
1996-01-13,CAC,1916.6
1996-01-15,CAC,1916.3
1996-01-16,CAC,1910.1
1996-01-17,CAC,1897.9
1996-01-19,CAC,1907.6
1996-01-20,CAC,1924.4
1996-01-22,CAC,1952.1
1996-01-23,CAC,1966
1996-01-24,CAC,1960.1
1996-01-26,CAC,1964.3
1996-01-27,CAC,1954.4
1996-01-29,CAC,1934.1
1996-01-30,CAC,1946
1996-01-31,CAC,1950.2
1996-02-02,CAC,1966.7
1996-02-03,CAC,1980.7
1996-02-05,CAC,2003.1
1996-02-06,CAC,2021
1996-02-08,CAC,2024.1
1996-02-09,CAC,2022.2
1996-02-10,CAC,1985.6
1996-02-12,CAC,1988.5
1996-02-13,CAC,1983.3
1996-02-15,CAC,1956.2
1996-02-16,CAC,1960.7
1996-02-17,CAC,1967.7
1996-02-19,CAC,1983.3
1996-02-20,CAC,1956.4
1996-02-22,CAC,1964.2
1996-02-23,CAC,1952.5
1996-02-24,CAC,1939.7
1996-02-26,CAC,1932.4
1996-02-27,CAC,1936.9
1996-02-29,CAC,1953.3
1996-03-01,CAC,1976.9
1996-03-02,CAC,1960.9
1996-03-04,CAC,1974.5
1996-03-05,CAC,1996.9
1996-03-07,CAC,1990.8
1996-03-08,CAC,2017.2
1996-03-09,CAC,2015.3
1996-03-11,CAC,2001.9
1996-03-12,CAC,2005.9
1996-03-14,CAC,2008
1996-03-15,CAC,1975.5
1996-03-17,CAC,1948.9
1996-03-18,CAC,1932.1
1996-03-19,CAC,1944.3
1996-03-21,CAC,1962.4
1996-03-22,CAC,1950.1
1996-03-24,CAC,1965
1996-03-25,CAC,1967.2
1996-03-26,CAC,1969.8
1996-03-28,CAC,1976.9
1996-03-29,CAC,1974.4
1996-03-31,CAC,2003.8
1996-04-01,CAC,2008
1996-04-02,CAC,2030.5
1996-04-04,CAC,2020
1996-04-05,CAC,2044.8
1996-04-07,CAC,2055.6
1996-04-08,CAC,2070.4
1996-04-09,CAC,2064
1996-04-11,CAC,2075
1996-04-12,CAC,2075
1996-04-14,CAC,2075
1996-04-15,CAC,2081.7
1996-04-16,CAC,2093.9
1996-04-18,CAC,2072.5
1996-04-19,CAC,2074.7
1996-04-21,CAC,2080.6
1996-04-22,CAC,2097.3
1996-04-24,CAC,2075.1
1996-04-25,CAC,2086
1996-04-26,CAC,2092.5
1996-04-28,CAC,2116.5
1996-04-29,CAC,2112
1996-05-01,CAC,2122.1
1996-05-02,CAC,2116.4
1996-05-03,CAC,2138.4
1996-05-05,CAC,2130.8
1996-05-06,CAC,2146.8
1996-05-08,CAC,2146.8
1996-05-09,CAC,2136.8
1996-05-10,CAC,2115.4
1996-05-12,CAC,2090.4
1996-05-13,CAC,2083.7
1996-05-15,CAC,2083.7
1996-05-16,CAC,2085.4
1996-05-17,CAC,2114.8
1996-05-19,CAC,2100.9
1996-05-20,CAC,2122.1
1996-05-22,CAC,2124.6
1996-05-23,CAC,2124.6
1996-05-24,CAC,2136.9
1996-05-26,CAC,2120.6
1996-05-27,CAC,2129.7
1996-05-29,CAC,2103.5
1996-05-30,CAC,2114.5
1996-06-01,CAC,2117.7
1996-06-02,CAC,2117.7
1996-06-03,CAC,2132.9
1996-06-05,CAC,2117.1
1996-06-06,CAC,2108.4
1996-06-08,CAC,2110.1
1996-06-09,CAC,2121.1
1996-06-10,CAC,2111
1996-06-12,CAC,2115.4
1996-06-13,CAC,2133.2
1996-06-15,CAC,2102
1996-06-16,CAC,2120.8
1996-06-17,CAC,2137.5
1996-06-19,CAC,2137.3
1996-06-20,CAC,2126.2
1996-06-22,CAC,2111.8
1996-06-23,CAC,2113
1996-06-24,CAC,2107.9
1996-06-26,CAC,2100.7
1996-06-27,CAC,2077.1
1996-06-29,CAC,2084.2
1996-06-30,CAC,2097.6
1996-07-02,CAC,2118.4
1996-07-03,CAC,2113.3
1996-07-04,CAC,2112.9
1996-07-06,CAC,2123.7
1996-07-07,CAC,2118.8
1996-07-09,CAC,2111.8
1996-07-10,CAC,2114
1996-07-11,CAC,2126.8
1996-07-13,CAC,2098.8
1996-07-14,CAC,2079.1
1996-07-16,CAC,2076.6
1996-07-17,CAC,2081.9
1996-07-18,CAC,2073.4
1996-07-20,CAC,2050.6
1996-07-21,CAC,2029.5
1996-07-23,CAC,1989.5
1996-07-24,CAC,1995.1
1996-07-25,CAC,2007.3
1996-07-27,CAC,1992.8
1996-07-28,CAC,1960.3
1996-07-30,CAC,1982.2
1996-07-31,CAC,1954.1
1996-08-01,CAC,1974.7
1996-08-03,CAC,1962.9
1996-08-04,CAC,1961.1
1996-08-06,CAC,1968.5
1996-08-07,CAC,1995.9
1996-08-09,CAC,2009.9
1996-08-10,CAC,2023.4
1996-08-11,CAC,2013.2
1996-08-13,CAC,1999.3
1996-08-14,CAC,1996.7
1996-08-16,CAC,1997.4
1996-08-17,CAC,1985.4
1996-08-18,CAC,1978.2
1996-08-20,CAC,1980.6
1996-08-21,CAC,1979.5
1996-08-23,CAC,1979.5
1996-08-24,CAC,1979.5
1996-08-25,CAC,1986.2
1996-08-27,CAC,2019.3
1996-08-28,CAC,2000.6
1996-08-30,CAC,2017.8
1996-08-31,CAC,2020.8
1996-09-01,CAC,2020.4
1996-09-03,CAC,2018
1996-09-04,CAC,2002.9
1996-09-06,CAC,1977.6
1996-09-07,CAC,1970.6
1996-09-08,CAC,1977
1996-09-10,CAC,1971.4
1996-09-11,CAC,1984.8
1996-09-13,CAC,1996.2
1996-09-14,CAC,2004.8
1996-09-16,CAC,2020.3
1996-09-17,CAC,2042.1
1996-09-18,CAC,2038.1
1996-09-20,CAC,2065.4
1996-09-21,CAC,2080.4
1996-09-23,CAC,2086.2
1996-09-24,CAC,2080.9
1996-09-25,CAC,2072.7
1996-09-27,CAC,2082.3
1996-09-28,CAC,2079.5
1996-09-30,CAC,2067.1
1996-10-01,CAC,2081.5
1996-10-02,CAC,2103.4
1996-10-04,CAC,2104.1
1996-10-05,CAC,2107.1
1996-10-07,CAC,2132.8
1996-10-08,CAC,2123.2
1996-10-09,CAC,2141.8
1996-10-11,CAC,2136.1
1996-10-12,CAC,2152.7
1996-10-14,CAC,2151.6
1996-10-15,CAC,2161.5
1996-10-16,CAC,2146.7
1996-10-18,CAC,2135.6
1996-10-19,CAC,2147.1
1996-10-21,CAC,2143.6
1996-10-22,CAC,2168.3
1996-10-24,CAC,2158.5
1996-10-25,CAC,2165.3
1996-10-26,CAC,2185.2
1996-10-28,CAC,2180.2
1996-10-29,CAC,2175.6
1996-10-31,CAC,2148.9
1996-11-01,CAC,2151.6
1996-11-02,CAC,2162.4
1996-11-04,CAC,2150.4
1996-11-05,CAC,2125.7
1996-11-07,CAC,2124.8
1996-11-08,CAC,2140.5
1996-11-09,CAC,2140.5
1996-11-11,CAC,2142.2
1996-11-12,CAC,2187.3
1996-11-14,CAC,2213.4
1996-11-15,CAC,2211.8
1996-11-16,CAC,2205.2
1996-11-18,CAC,2205.2
1996-11-19,CAC,2229.1
1996-11-21,CAC,2217.2
1996-11-22,CAC,2218.2
1996-11-23,CAC,2240.3
1996-11-25,CAC,2228.8
1996-11-26,CAC,2240.1
1996-11-28,CAC,2233.4
1996-11-29,CAC,2233.6
1996-12-01,CAC,2255.5
1996-12-02,CAC,2277.1
1996-12-03,CAC,2275.1
1996-12-05,CAC,2270.8
1996-12-06,CAC,2290.3
1996-12-08,CAC,2315.7
1996-12-09,CAC,2318.6
1996-12-10,CAC,2349.1
1996-12-12,CAC,2308.7
1996-12-13,CAC,2292.5
1996-12-15,CAC,2240.7
1996-12-16,CAC,2255.8
1996-12-17,CAC,2251.4
1996-12-19,CAC,2213.3
1996-12-20,CAC,2212.1
1996-12-22,CAC,2203.4
1996-12-23,CAC,2222.6
1996-12-24,CAC,2193.7
1996-12-26,CAC,2218.9
1996-12-27,CAC,2248.7
1996-12-29,CAC,2278.5
1996-12-30,CAC,2287.4
1997-01-01,CAC,2289.6
1997-01-02,CAC,2289.6
1997-01-03,CAC,2303.8
1997-01-05,CAC,2307
1997-01-06,CAC,2318.6
1997-01-08,CAC,2315.7
1997-01-09,CAC,2315.7
1997-01-10,CAC,2257
1997-01-12,CAC,2282.8
1997-01-13,CAC,2306.7
1997-01-15,CAC,2301.7
1997-01-16,CAC,2331.6
1997-01-17,CAC,2349.1
1997-01-19,CAC,2327.5
1997-01-20,CAC,2361.3
1997-01-22,CAC,2402.1
1997-01-23,CAC,2388
1997-01-24,CAC,2407.8
1997-01-26,CAC,2425.1
1997-01-27,CAC,2406.1
1997-01-29,CAC,2409.9
1997-01-30,CAC,2442.5
1997-01-31,CAC,2461.3
1997-02-02,CAC,2430.3
1997-02-03,CAC,2435.2
1997-02-05,CAC,2482.8
1997-02-06,CAC,2465
1997-02-07,CAC,2503.1
1997-02-09,CAC,2516.6
1997-02-10,CAC,2508.6
1997-02-12,CAC,2503.1
1997-02-13,CAC,2541.3
1997-02-14,CAC,2558.4
1997-02-16,CAC,2597.5
1997-02-17,CAC,2595.4
1997-02-19,CAC,2582.1
1997-02-20,CAC,2599.3
1997-02-21,CAC,2628.4
1997-02-23,CAC,2627.4
1997-02-24,CAC,2634.5
1997-02-26,CAC,2617.5
1997-02-27,CAC,2594.8
1997-02-28,CAC,2575.2
1997-03-02,CAC,2562.8
1997-03-03,CAC,2567.9
1997-03-05,CAC,2607.7
1997-03-06,CAC,2602.2
1997-03-07,CAC,2629.4
1997-03-09,CAC,2607.8
1997-03-10,CAC,2600.3
1997-03-12,CAC,2651.7
1997-03-13,CAC,2666.2
1997-03-15,CAC,2698.9
1997-03-16,CAC,2708.3
1997-03-17,CAC,2709.2
1997-03-19,CAC,2686.2
1997-03-20,CAC,2641.7
1997-03-22,CAC,2632.1
1997-03-23,CAC,2645.6
1997-03-24,CAC,2588.4
1997-03-26,CAC,2574
1997-03-27,CAC,2596.8
1997-03-29,CAC,2553.7
1997-03-30,CAC,2587.1
1997-03-31,CAC,2579.3
1997-04-02,CAC,2624.3
1997-04-03,CAC,2648.7
1997-04-05,CAC,2656.7
1997-04-06,CAC,2656.7
1997-04-07,CAC,2656.7
1997-04-09,CAC,2581.8
1997-04-10,CAC,2530.3
1997-04-12,CAC,2514.5
1997-04-13,CAC,2518
1997-04-14,CAC,2572.3
1997-04-16,CAC,2579
1997-04-17,CAC,2617.6
1997-04-19,CAC,2608
1997-04-20,CAC,2574.6
1997-04-21,CAC,2566.1
1997-04-23,CAC,2620.6
1997-04-24,CAC,2621
1997-04-26,CAC,2615.2
1997-04-27,CAC,2547.6
1997-04-28,CAC,2522.7
1997-04-30,CAC,2514.7
1997-05-01,CAC,2533.6
1997-05-03,CAC,2539.8
1997-05-04,CAC,2536.3
1997-05-05,CAC,2550.3
1997-05-07,CAC,2602.9
1997-05-08,CAC,2639.5
1997-05-10,CAC,2639.5
1997-05-11,CAC,2655.3
1997-05-12,CAC,2672.8
1997-05-14,CAC,2651.9
1997-05-15,CAC,2643.3
1997-05-17,CAC,2643.3
1997-05-18,CAC,2633.9
1997-05-19,CAC,2693.1
1997-05-21,CAC,2719.6
1997-05-22,CAC,2774.6
1997-05-24,CAC,2776
1997-05-25,CAC,2784.3
1997-05-27,CAC,2784.3
1997-05-28,CAC,2751.1
1997-05-29,CAC,2786.4
1997-05-31,CAC,2741.7
1997-06-01,CAC,2762.9
1997-06-03,CAC,2654.7
1997-06-04,CAC,2680.3
1997-06-05,CAC,2583.2
1997-06-07,CAC,2579.2
1997-06-08,CAC,2583.9
1997-06-10,CAC,2601.5
1997-06-11,CAC,2624.5
1997-06-12,CAC,2635.4
1997-06-14,CAC,2690.9
1997-06-15,CAC,2719.3
1997-06-17,CAC,2686.2
1997-06-18,CAC,2664.2
1997-06-19,CAC,2696.2
1997-06-21,CAC,2760.3
1997-06-22,CAC,2808.5
1997-06-24,CAC,2795.9
1997-06-25,CAC,2762.6
1997-06-26,CAC,2751.7
1997-06-28,CAC,2739.7
1997-06-29,CAC,2757.1
1997-07-01,CAC,2762.2
1997-07-02,CAC,2784.8
1997-07-03,CAC,2867.4
1997-07-05,CAC,2893.6
1997-07-06,CAC,2891
1997-07-08,CAC,2858.3
1997-07-09,CAC,2944
1997-07-10,CAC,2909.5
1997-07-12,CAC,2937
1997-07-13,CAC,2934.5
1997-07-15,CAC,2947.7
1997-07-16,CAC,2929.8
1997-07-17,CAC,2950.6
1997-07-19,CAC,2929.1
1997-07-20,CAC,2941.6
1997-07-22,CAC,2941.6
1997-07-23,CAC,2950.7
1997-07-24,CAC,2988
1997-07-26,CAC,2958.6
1997-07-27,CAC,2876.7
1997-07-29,CAC,2874.1
1997-07-30,CAC,2921.1
1997-07-31,CAC,3003.5
1997-08-02,CAC,2973.5
1997-08-03,CAC,3025.9
1997-08-05,CAC,3022.2
1997-08-06,CAC,3023.6
1997-08-08,CAC,3069.3
1997-08-09,CAC,3075.7
1997-08-10,CAC,3049.5
1997-08-12,CAC,2992.4
1997-08-13,CAC,2984.1
1997-08-15,CAC,3037.1
1997-08-16,CAC,3056.3
1997-08-17,CAC,2996.3
1997-08-19,CAC,2983.4
1997-08-20,CAC,2998.6
1997-08-22,CAC,2924
1997-08-23,CAC,2921.8
1997-08-24,CAC,2921.8
1997-08-26,CAC,2870.1
1997-08-27,CAC,2936.2
1997-08-29,CAC,2979.3
1997-08-30,CAC,2957.2
1997-08-31,CAC,2904.2
1997-09-02,CAC,2898.6
1997-09-03,CAC,2869.3
1997-09-05,CAC,2871.7
1997-09-06,CAC,2828.4
1997-09-07,CAC,2770.5
1997-09-09,CAC,2805.8
1997-09-10,CAC,2921.2
1997-09-12,CAC,2918
1997-09-13,CAC,2927
1997-09-14,CAC,2924.5
1997-09-16,CAC,2940.9
1997-09-17,CAC,2919.7
1997-09-19,CAC,2874.6
1997-09-20,CAC,2843.6
1997-09-21,CAC,2834.1
1997-09-23,CAC,2898.6
1997-09-24,CAC,2940.6
1997-09-26,CAC,2944
1997-09-27,CAC,2978.4
1997-09-28,CAC,2977.2
1997-09-30,CAC,3017.5
1997-10-01,CAC,2997.2
1997-10-03,CAC,3023.7
1997-10-04,CAC,3005.4
1997-10-05,CAC,2985.6
1997-10-07,CAC,2989
1997-10-08,CAC,3008.3
1997-10-10,CAC,3054.9
1997-10-11,CAC,3052.1
1997-10-12,CAC,3094
1997-10-14,CAC,3078
1997-10-15,CAC,3064.4
1997-10-17,CAC,3024.1
1997-10-18,CAC,2960.7
1997-10-20,CAC,2955.1
1997-10-21,CAC,3002.9
1997-10-22,CAC,3002.5
1997-10-24,CAC,2992.2
1997-10-25,CAC,2992.9
1997-10-27,CAC,2958
1997-10-28,CAC,2946.7
1997-10-29,CAC,2989.9
1997-10-31,CAC,2958.1
1997-11-01,CAC,2856.9
1997-11-03,CAC,2849
1997-11-04,CAC,2769.6
1997-11-05,CAC,2651.3
1997-11-07,CAC,2818
1997-11-08,CAC,2739.5
1997-11-10,CAC,2739.3
1997-11-11,CAC,2788
1997-11-12,CAC,2774.9
1997-11-14,CAC,2822.4
1997-11-15,CAC,2781.8
1997-11-17,CAC,2707.1
1997-11-18,CAC,2707.1
1997-11-19,CAC,2707.1
1997-11-21,CAC,2694.5
1997-11-22,CAC,2700.7
1997-11-24,CAC,2698.9
1997-11-25,CAC,2773
1997-11-26,CAC,2782.6
1997-11-28,CAC,2790.6
1997-11-29,CAC,2821.2
1997-12-01,CAC,2861.7
1997-12-02,CAC,2802.5
1997-12-03,CAC,2786.3
1997-12-05,CAC,2811.7
1997-12-06,CAC,2829
1997-12-08,CAC,2854.4
1997-12-09,CAC,2918.5
1997-12-10,CAC,2913.1
1997-12-12,CAC,2902.4
1997-12-13,CAC,2914.5
1997-12-15,CAC,2910.1
1997-12-16,CAC,2932.5
1997-12-17,CAC,2959.4
1997-12-19,CAC,2932.2
1997-12-20,CAC,2828.5
1997-12-22,CAC,2830.3
1997-12-23,CAC,2838.3
1997-12-24,CAC,2912.2
1997-12-26,CAC,2893.3
1997-12-27,CAC,2894.5
1997-12-29,CAC,2822.9
1997-12-30,CAC,2869.7
1998-01-01,CAC,2858.1
1998-01-02,CAC,2874.1
1998-01-03,CAC,2874.1
1998-01-05,CAC,2875.1
1998-01-06,CAC,2939.5
1998-01-08,CAC,2975.5
1998-01-09,CAC,2998.9
1998-01-10,CAC,2998.9
1998-01-12,CAC,3038.7
1998-01-13,CAC,3072.8
1998-01-15,CAC,3037.7
1998-01-16,CAC,3006.7
1998-01-17,CAC,2954.9
1998-01-19,CAC,2919.8
1998-01-20,CAC,2862.5
1998-01-22,CAC,2902.9
1998-01-23,CAC,2919.8
1998-01-24,CAC,2932.8
1998-01-26,CAC,2976.1
1998-01-27,CAC,2987
1998-01-29,CAC,3008.3
1998-01-30,CAC,2998.1
1998-01-31,CAC,2988.6
1998-02-02,CAC,2966.2
1998-02-03,CAC,3000.5
1998-02-05,CAC,3052
1998-02-06,CAC,3088.3
1998-02-07,CAC,3133.8
1998-02-09,CAC,3172.1
1998-02-10,CAC,3187.5
1998-02-12,CAC,3188.4
1998-02-13,CAC,3166.3
1998-02-14,CAC,3189.6
1998-02-16,CAC,3216.7
1998-02-17,CAC,3220.9
1998-02-19,CAC,3235.8
1998-02-20,CAC,3240
1998-02-21,CAC,3178.7
1998-02-23,CAC,3187.7
1998-02-24,CAC,3225.1
1998-02-26,CAC,3280.5
1998-02-27,CAC,3281.7
1998-02-28,CAC,3250.6
1998-03-02,CAC,3262.5
1998-03-03,CAC,3273.5
1998-03-05,CAC,3262.3
1998-03-06,CAC,3348.2
1998-03-07,CAC,3397
1998-03-09,CAC,3421.9
1998-03-10,CAC,3446.7
1998-03-12,CAC,3414.9
1998-03-13,CAC,3381.3
1998-03-15,CAC,3395.8
1998-03-16,CAC,3483.2
1998-03-17,CAC,3525.9
1998-03-19,CAC,3521.5
1998-03-20,CAC,3539.4
1998-03-22,CAC,3526.6
1998-03-23,CAC,3540.2
1998-03-24,CAC,3598.3
1998-03-26,CAC,3661.3
1998-03-27,CAC,3652.5
1998-03-29,CAC,3688.7
1998-03-30,CAC,3688.9
1998-03-31,CAC,3680.1
1998-04-02,CAC,3738.5
1998-04-03,CAC,3818.7
1998-04-05,CAC,3783.8
1998-04-06,CAC,3810.2
1998-04-07,CAC,3800.2
1998-04-09,CAC,3875.3
1998-04-10,CAC,3883.3
1998-04-12,CAC,3935.9
1998-04-13,CAC,3932
1998-04-14,CAC,3986.8
1998-04-16,CAC,3903.3
1998-04-17,CAC,3873.9
1998-04-19,CAC,3894.5
1998-04-20,CAC,3894.5
1998-04-21,CAC,3894.5
1998-04-23,CAC,3867.7
1998-04-24,CAC,3884.6
1998-04-26,CAC,3845.9
1998-04-27,CAC,3861.6
1998-04-28,CAC,3885.7
1998-04-30,CAC,3860.4
1998-05-01,CAC,3835.1
1998-05-03,CAC,3822.1
1998-05-04,CAC,3788.7
1998-05-05,CAC,3689.4
1998-05-07,CAC,3777.2
1998-05-08,CAC,3726.2
1998-05-10,CAC,3867.9
1998-05-11,CAC,3867.9
1998-05-12,CAC,3979.3
1998-05-14,CAC,3945.5
1998-05-15,CAC,3947.5
1998-05-17,CAC,3912.8
1998-05-18,CAC,3912.8
1998-05-19,CAC,4007.3
1998-05-21,CAC,3986.1
1998-05-22,CAC,4018.5
1998-05-24,CAC,4012
1998-05-25,CAC,3990.2
1998-05-27,CAC,3945.3
1998-05-28,CAC,3980.8
1998-05-29,CAC,4047.9
1998-05-31,CAC,4047.9
1998-06-01,CAC,4049.8
1998-06-03,CAC,4108.7
1998-06-04,CAC,4115.9
1998-06-05,CAC,4017.4
1998-06-07,CAC,4014.9
1998-06-08,CAC,4041.2
1998-06-10,CAC,4041.2
1998-06-11,CAC,4087
1998-06-12,CAC,4149.4
1998-06-14,CAC,4119
1998-06-15,CAC,4185.1
1998-06-17,CAC,4204.6
1998-06-18,CAC,4201.9
1998-06-19,CAC,4208.6
1998-06-21,CAC,4141.6
1998-06-22,CAC,4050.8
1998-06-24,CAC,4005.3
1998-06-25,CAC,4013.3
1998-06-26,CAC,4092.9
1998-06-28,CAC,4052.3
1998-06-29,CAC,4027.3
1998-07-01,CAC,4018.6
1998-07-02,CAC,4065
1998-07-03,CAC,4126.3
1998-07-05,CAC,4203.8
1998-07-06,CAC,4215.7
1998-07-08,CAC,4248.2
1998-07-09,CAC,4203.5
1998-07-10,CAC,4260.7
1998-07-12,CAC,4252.1
1998-07-13,CAC,4304.4
1998-07-15,CAC,4311.1
1998-07-16,CAC,4333.1
1998-07-17,CAC,4339.9
1998-07-19,CAC,4319.2
1998-07-20,CAC,4256.4
1998-07-22,CAC,4256.4
1998-07-23,CAC,4256.4
1998-07-24,CAC,4344.3
1998-07-26,CAC,4358.1
1998-07-27,CAC,4388.5
1998-07-29,CAC,4368.9
1998-07-30,CAC,4322.1
1998-07-31,CAC,4220.1
1998-08-02,CAC,4235.9
1998-08-03,CAC,4205.4
1998-08-05,CAC,4139.5
1998-08-06,CAC,4122.4
1998-08-08,CAC,4139.2
1998-08-09,CAC,4197.6
1998-08-10,CAC,4177.3
1998-08-12,CAC,4095
1998-08-13,CAC,4047.9
1998-08-15,CAC,3976.4
1998-08-16,CAC,3968.6
1998-08-17,CAC,4041.9
1998-08-19,CAC,3939.5
1998-08-20,CAC,3846
1998-08-22,CAC,3945.7
1998-08-23,CAC,3951.7
1998-08-24,CAC,3995
1991-07-01,DAX,1628.75
1991-07-02,DAX,1613.63
1991-07-03,DAX,1606.51
1991-07-05,DAX,1621.04
1991-07-06,DAX,1618.16
1991-07-08,DAX,1610.61
1991-07-09,DAX,1630.75
1991-07-10,DAX,1640.17
1991-07-12,DAX,1635.47
1991-07-13,DAX,1645.89
1991-07-15,DAX,1647.84
1991-07-16,DAX,1638.35
1991-07-17,DAX,1629.93
1991-07-19,DAX,1621.49
1991-07-20,DAX,1624.74
1991-07-22,DAX,1627.63
1991-07-23,DAX,1631.99
1991-07-24,DAX,1621.18
1991-07-26,DAX,1613.42
1991-07-27,DAX,1604.95
1991-07-29,DAX,1605.75
1991-07-30,DAX,1616.67
1991-07-31,DAX,1619.29
1991-08-02,DAX,1620.49
1991-08-03,DAX,1619.67
1991-08-05,DAX,1623.07
1991-08-06,DAX,1613.98
1991-08-08,DAX,1631.87
1991-08-09,DAX,1630.37
1991-08-10,DAX,1633.47
1991-08-12,DAX,1626.55
1991-08-13,DAX,1650.43
1991-08-15,DAX,1650.06
1991-08-16,DAX,1654.11
1991-08-17,DAX,1653.6
1991-08-19,DAX,1501.82
1991-08-20,DAX,1524.28
1991-08-22,DAX,1603.65
1991-08-23,DAX,1622.49
1991-08-24,DAX,1636.68
1991-08-26,DAX,1652.1
1991-08-27,DAX,1645.81
1991-08-29,DAX,1650.36
1991-08-30,DAX,1651.55
1991-08-31,DAX,1649.88
1991-09-02,DAX,1653.52
1991-09-03,DAX,1657.51
1991-09-05,DAX,1649.55
1991-09-06,DAX,1649.09
1991-09-07,DAX,1646.41
1991-09-09,DAX,1638.65
1991-09-10,DAX,1625.8
1991-09-12,DAX,1628.64
1991-09-13,DAX,1632.22
1991-09-14,DAX,1633.65
1991-09-16,DAX,1631.17
1991-09-17,DAX,1635.8
1991-09-19,DAX,1621.27
1991-09-20,DAX,1624.7
1991-09-21,DAX,1616.13
1991-09-23,DAX,1618.12
1991-09-24,DAX,1627.8
1991-09-26,DAX,1625.79
1991-09-27,DAX,1614.8
1991-09-28,DAX,1612.8
1991-09-30,DAX,1605.47
1991-10-01,DAX,1609.32
1991-10-03,DAX,1607.48
1991-10-04,DAX,1607.48
1991-10-05,DAX,1604.89
1991-10-07,DAX,1589.12
1991-10-08,DAX,1582.27
1991-10-10,DAX,1567.99
1991-10-11,DAX,1568.16
1991-10-12,DAX,1569.71
1991-10-14,DAX,1571.74
1991-10-15,DAX,1585.41
1991-10-17,DAX,1570.01
1991-10-18,DAX,1561.89
1991-10-19,DAX,1565.18
1991-10-21,DAX,1570.34
1991-10-22,DAX,1577
1991-10-24,DAX,1590.29
1991-10-25,DAX,1572.72
1991-10-27,DAX,1572.07
1991-10-28,DAX,1579.19
1991-10-29,DAX,1588.73
1991-10-31,DAX,1586.01
1991-11-01,DAX,1579.77
1991-11-03,DAX,1572.58
1991-11-04,DAX,1568.09
1991-11-05,DAX,1578.21
1991-11-07,DAX,1573.94
1991-11-08,DAX,1582.06
1991-11-10,DAX,1610.18
1991-11-11,DAX,1605.16
1991-11-12,DAX,1623.84
1991-11-14,DAX,1615.26
1991-11-15,DAX,1627.08
1991-11-17,DAX,1626.97
1991-11-18,DAX,1605.7
1991-11-19,DAX,1589.7
1991-11-21,DAX,1589.7
1991-11-22,DAX,1603.26
1991-11-24,DAX,1599.75
1991-11-25,DAX,1590.86
1991-11-26,DAX,1603.5
1991-11-28,DAX,1589.86
1991-11-29,DAX,1587.92
1991-12-01,DAX,1571.06
1991-12-02,DAX,1549.81
1991-12-03,DAX,1549.36
1991-12-05,DAX,1554.65
1991-12-06,DAX,1557.52
1991-12-08,DAX,1555.31
1991-12-09,DAX,1559.76
1991-12-10,DAX,1548.44
1991-12-12,DAX,1543.99
1991-12-13,DAX,1550.21
1991-12-15,DAX,1557.03
1991-12-16,DAX,1551.78
1991-12-17,DAX,1562.89
1991-12-19,DAX,1570.28
1991-12-20,DAX,1559.26
1991-12-22,DAX,1545.87
1991-12-23,DAX,1542.77
1991-12-24,DAX,1542.77
1991-12-26,DAX,1542.77
1991-12-27,DAX,1542.77
1991-12-29,DAX,1564.27
1991-12-30,DAX,1577.26
1992-01-01,DAX,1577.26
1992-01-02,DAX,1577.26
1992-01-03,DAX,1598.19
1992-01-05,DAX,1604.05
1992-01-06,DAX,1604.69
1992-01-08,DAX,1593.65
1992-01-09,DAX,1581.68
1992-01-10,DAX,1599.14
1992-01-12,DAX,1613.82
1992-01-13,DAX,1620.45
1992-01-15,DAX,1629.51
1992-01-16,DAX,1663.7
1992-01-17,DAX,1664.09
1992-01-19,DAX,1669.29
1992-01-20,DAX,1685.14
1992-01-22,DAX,1687.07
1992-01-23,DAX,1680.13
1992-01-24,DAX,1671.84
1992-01-26,DAX,1669.52
1992-01-27,DAX,1686.71
1992-01-29,DAX,1685.51
1992-01-30,DAX,1671.01
1992-01-31,DAX,1683.06
1992-02-02,DAX,1685.7
1992-02-03,DAX,1685.66
1992-02-05,DAX,1678.77
1992-02-06,DAX,1685.85
1992-02-08,DAX,1683.71
1992-02-09,DAX,1686.59
1992-02-10,DAX,1683.73
1992-02-12,DAX,1679.14
1992-02-13,DAX,1685.03
1992-02-15,DAX,1680.81
1992-02-16,DAX,1676.17
1992-02-17,DAX,1688.46
1992-02-19,DAX,1696.55
1992-02-20,DAX,1690.24
1992-02-22,DAX,1711.35
1992-02-23,DAX,1711.29
1992-02-24,DAX,1729.86
1992-02-26,DAX,1716.63
1992-02-27,DAX,1743.36
1992-02-29,DAX,1745.17
1992-03-01,DAX,1746.76
1992-03-02,DAX,1749.29
1992-03-04,DAX,1763.86
1992-03-05,DAX,1762.27
1992-03-07,DAX,1762.29
1992-03-08,DAX,1746.77
1992-03-09,DAX,1753.5
1992-03-11,DAX,1753.21
1992-03-12,DAX,1739.88
1992-03-14,DAX,1723.92
1992-03-15,DAX,1734.42
1992-03-17,DAX,1723.13
1992-03-18,DAX,1732.92
1992-03-19,DAX,1729.89
1992-03-21,DAX,1725.74
1992-03-22,DAX,1730.9
1992-03-24,DAX,1714.17
1992-03-25,DAX,1716.2
1992-03-26,DAX,1719.06
1992-03-28,DAX,1718.21
1992-03-29,DAX,1698.84
1992-03-31,DAX,1714.76
1992-04-01,DAX,1718.35
1992-04-02,DAX,1706.69
1992-04-04,DAX,1723.37
1992-04-05,DAX,1716.18
1992-04-07,DAX,1738.78
1992-04-08,DAX,1737.41
1992-04-09,DAX,1714.77
1992-04-11,DAX,1724.24
1992-04-12,DAX,1733.77
1992-04-14,DAX,1729.96
1992-04-15,DAX,1734.46
1992-04-16,DAX,1744.35
1992-04-18,DAX,1746.88
1992-04-19,DAX,1746.88
1992-04-21,DAX,1746.88
1992-04-22,DAX,1747.47
1992-04-24,DAX,1753.1
1992-04-25,DAX,1745.17
1992-04-26,DAX,1745.72
1992-04-28,DAX,1742.92
1992-04-29,DAX,1731.68
1992-05-01,DAX,1731.18
1992-05-02,DAX,1728.09
1992-05-03,DAX,1728.09
1992-05-05,DAX,1731.29
1992-05-06,DAX,1733.82
1992-05-08,DAX,1745.78
1992-05-09,DAX,1752.57
1992-05-10,DAX,1748.13
1992-05-12,DAX,1750.7
1992-05-13,DAX,1747.91
1992-05-15,DAX,1745.79
1992-05-16,DAX,1735.34
1992-05-17,DAX,1719.92
1992-05-19,DAX,1763.59
1992-05-20,DAX,1766.76
1992-05-22,DAX,1785.4
1992-05-23,DAX,1783.56
1992-05-24,DAX,1804.42
1992-05-26,DAX,1812.33
1992-05-27,DAX,1799.51
1992-05-29,DAX,1792.8
1992-05-30,DAX,1792.8
1992-06-01,DAX,1806.36
1992-06-02,DAX,1798.23
1992-06-03,DAX,1800.62
1992-06-05,DAX,1786.19
1992-06-06,DAX,1791.35
1992-06-08,DAX,1789.05
1992-06-09,DAX,1789.05
1992-06-10,DAX,1784.71
1992-06-12,DAX,1789.45
1992-06-13,DAX,1779.74
1992-06-15,DAX,1786.97
1992-06-16,DAX,1773.25
1992-06-17,DAX,1781.62
1992-06-19,DAX,1773.75
1992-06-20,DAX,1773.75
1992-06-22,DAX,1776.34
1992-06-23,DAX,1770.72
1992-06-24,DAX,1772.39
1992-06-26,DAX,1762.55
1992-06-27,DAX,1764.35
1992-06-29,DAX,1752.83
1992-06-30,DAX,1755.98
1992-07-02,DAX,1754.95
1992-07-03,DAX,1759.9
1992-07-04,DAX,1759.84
1992-07-06,DAX,1776.5
1992-07-07,DAX,1769.98
1992-07-09,DAX,1766.98
1992-07-10,DAX,1752.29
1992-07-11,DAX,1760.17
1992-07-13,DAX,1750.32
1992-07-14,DAX,1731.44
1992-07-16,DAX,1735.51
1992-07-17,DAX,1733.84
1992-07-18,DAX,1730.78
1992-07-20,DAX,1699.46
1992-07-21,DAX,1652.71
1992-07-23,DAX,1654.09
1992-07-24,DAX,1636.81
1992-07-25,DAX,1622.81
1992-07-27,DAX,1613.36
1992-07-28,DAX,1617.78
1992-07-30,DAX,1617.18
1992-07-31,DAX,1637.62
1992-08-01,DAX,1622.2
1992-08-03,DAX,1608.49
1992-08-04,DAX,1605.11
1992-08-06,DAX,1609.61
1992-08-07,DAX,1624.94
1992-08-09,DAX,1618.07
1992-08-10,DAX,1611.96
1992-08-11,DAX,1578.95
1992-08-13,DAX,1561.39
1992-08-14,DAX,1547.87
1992-08-16,DAX,1548.63
1992-08-17,DAX,1560.16
1992-08-18,DAX,1554.76
1992-08-20,DAX,1531.87
1992-08-21,DAX,1526.14
1992-08-23,DAX,1509.03
1992-08-24,DAX,1530.03
1992-08-25,DAX,1484.97
1992-08-27,DAX,1464.03
1992-08-28,DAX,1475.11
1992-08-30,DAX,1516.12
1992-08-31,DAX,1519.69
1992-09-01,DAX,1529.97
1992-09-03,DAX,1516.44
1992-09-04,DAX,1515.53
1992-09-06,DAX,1543.89
1992-09-07,DAX,1534.72
1992-09-08,DAX,1538.66
1992-09-10,DAX,1536.71
1992-09-11,DAX,1523.83
1992-09-13,DAX,1527.1
1992-09-14,DAX,1530.2
1992-09-16,DAX,1601.5
1992-09-17,DAX,1580.29
1992-09-18,DAX,1595.09
1992-09-20,DAX,1579.47
1992-09-21,DAX,1600.59
1992-09-23,DAX,1566
1992-09-24,DAX,1557.01
1992-09-25,DAX,1542.74
1992-09-27,DAX,1536.3
1992-09-28,DAX,1510.66
1992-09-30,DAX,1481.03
1992-10-01,DAX,1483.83
1992-10-02,DAX,1470.09
1992-10-04,DAX,1484.78
1992-10-05,DAX,1475.41
1992-10-07,DAX,1402.34
1992-10-08,DAX,1421.49
1992-10-09,DAX,1434.61
1992-10-11,DAX,1446.32
1992-10-12,DAX,1437.65
1992-10-14,DAX,1441.57
1992-10-15,DAX,1471.64
1992-10-16,DAX,1453.95
1992-10-18,DAX,1453.79
1992-10-19,DAX,1458.02
1992-10-21,DAX,1479.59
1992-10-22,DAX,1504.89
1992-10-24,DAX,1496.54
1992-10-25,DAX,1511
1992-10-26,DAX,1528.86
1992-10-28,DAX,1534.02
1992-10-29,DAX,1536.6
1992-10-31,DAX,1508.19
1992-11-01,DAX,1493.54
1992-11-02,DAX,1489.68
1992-11-04,DAX,1482.44
1992-11-05,DAX,1483.34
1992-11-07,DAX,1470.57
1992-11-08,DAX,1484.84
1992-11-09,DAX,1487.71
1992-11-11,DAX,1508.63
1992-11-12,DAX,1515.27
1992-11-14,DAX,1509.84
1992-11-15,DAX,1542.28
1992-11-16,DAX,1541.79
1992-11-18,DAX,1542.48
1992-11-19,DAX,1550.27
1992-11-21,DAX,1550.27
1992-11-22,DAX,1543.37
1992-11-23,DAX,1547.84
1992-11-25,DAX,1523.62
1992-11-26,DAX,1526.68
1992-11-28,DAX,1513.42
1992-11-29,DAX,1523.02
1992-12-01,DAX,1529.69
1992-12-02,DAX,1545.12
1992-12-03,DAX,1546.82
1992-12-05,DAX,1528.12
1992-12-06,DAX,1530.65
1992-12-08,DAX,1526.25
1992-12-09,DAX,1519.48
1992-12-10,DAX,1506.65
1992-12-12,DAX,1504.3
1992-12-13,DAX,1480.65
1992-12-15,DAX,1476.7
1992-12-16,DAX,1478.07
1992-12-17,DAX,1479.62
1992-12-19,DAX,1477.55
1992-12-20,DAX,1472.59
1992-12-22,DAX,1495.6
1992-12-23,DAX,1517.45
1992-12-24,DAX,1520.93
1992-12-26,DAX,1527.06
1992-12-27,DAX,1527.06
1992-12-29,DAX,1527.06
1992-12-30,DAX,1547.51
1993-01-01,DAX,1545.82
1993-01-02,DAX,1538.43
1993-01-03,DAX,1538.43
1993-01-05,DAX,1538.43
1993-01-06,DAX,1538.04
1993-01-08,DAX,1554.03
1993-01-09,DAX,1551.17
1993-01-10,DAX,1538.37
1993-01-12,DAX,1529.1
1993-01-13,DAX,1522.26
1993-01-15,DAX,1533.79
1993-01-16,DAX,1510.18
1993-01-17,DAX,1526.91
1993-01-19,DAX,1555.52
1993-01-20,DAX,1581.49
1993-01-22,DAX,1572.61
1993-01-23,DAX,1572.69
1993-01-24,DAX,1580.64
1993-01-26,DAX,1593.35
1993-01-27,DAX,1571.28
1993-01-29,DAX,1575.59
1993-01-30,DAX,1561.78
1993-01-31,DAX,1572.68
1993-02-02,DAX,1574.04
1993-02-03,DAX,1590.33
1993-02-05,DAX,1584.14
1993-02-06,DAX,1605.91
1993-02-07,DAX,1615.98
1993-02-09,DAX,1643.83
1993-02-10,DAX,1646.85
1993-02-12,DAX,1639.12
1993-02-13,DAX,1642.8
1993-02-14,DAX,1659.07
1993-02-16,DAX,1649.64
1993-02-17,DAX,1674.93
1993-02-19,DAX,1651.6
1993-02-20,DAX,1656.35
1993-02-21,DAX,1670.9
1993-02-23,DAX,1683.3
1993-02-24,DAX,1679.41
1993-02-26,DAX,1658.09
1993-02-27,DAX,1652.92
1993-02-28,DAX,1661.96
1993-03-02,DAX,1680.02
1993-03-03,DAX,1691.37
1993-03-05,DAX,1701.46
1993-03-06,DAX,1690.48
1993-03-07,DAX,1685.46
1993-03-09,DAX,1686.15
1993-03-10,DAX,1702.27
1993-03-12,DAX,1711.91
1993-03-13,DAX,1714.48
1993-03-15,DAX,1708.65
1993-03-16,DAX,1688.74
1993-03-17,DAX,1705.05
1993-03-19,DAX,1700.28
1993-03-20,DAX,1689.71
1993-03-22,DAX,1696.38
1993-03-23,DAX,1686.57
1993-03-24,DAX,1656.59
1993-03-26,DAX,1653.2
1993-03-27,DAX,1666.72
1993-03-29,DAX,1663.27
1993-03-30,DAX,1667.26
1993-03-31,DAX,1675.18
1993-04-02,DAX,1686.64
1993-04-03,DAX,1676.84
1993-04-05,DAX,1670.04
1993-04-06,DAX,1657.06
1993-04-07,DAX,1658.36
1993-04-09,DAX,1667.64
1993-04-10,DAX,1654.6
1993-04-12,DAX,1658.13
1993-04-13,DAX,1658.13
1993-04-14,DAX,1658.13
1993-04-16,DAX,1671.54
1993-04-17,DAX,1674.95
1993-04-19,DAX,1674.67
1993-04-20,DAX,1678.65
1993-04-21,DAX,1687.14
1993-04-23,DAX,1680.06
1993-04-24,DAX,1666.49
1993-04-26,DAX,1680.01
1993-04-27,DAX,1656.03
1993-04-28,DAX,1643.53
1993-04-30,DAX,1636.59
1993-05-01,DAX,1630.88
1993-05-03,DAX,1618.6
1993-05-04,DAX,1626.83
1993-05-05,DAX,1632
1993-05-07,DAX,1619.92
1993-05-08,DAX,1628.88
1993-05-10,DAX,1617.74
1993-05-11,DAX,1607.7
1993-05-12,DAX,1616.45
1993-05-14,DAX,1613.46
1993-05-15,DAX,1632.99
1993-05-17,DAX,1636.02
1993-05-18,DAX,1632.35
1993-05-19,DAX,1630.37
1993-05-21,DAX,1619.26
1993-05-22,DAX,1606.64
1993-05-24,DAX,1606.64
1993-05-25,DAX,1613.98
1993-05-27,DAX,1608.58
1993-05-28,DAX,1623.05
1993-05-29,DAX,1617.18
1993-05-31,DAX,1633.18
1993-06-01,DAX,1627.21
1993-06-03,DAX,1627.21
1993-06-04,DAX,1625.59
1993-06-05,DAX,1628.53
1993-06-07,DAX,1630.56
1993-06-08,DAX,1638.47
1993-06-10,DAX,1660.88
1993-06-11,DAX,1662.28
1993-06-12,DAX,1679.69
1993-06-14,DAX,1679.69
1993-06-15,DAX,1685.85
1993-06-17,DAX,1686.44
1993-06-18,DAX,1684.57
1993-06-19,DAX,1689.93
1993-06-21,DAX,1681.47
1993-06-22,DAX,1687.14
1993-06-24,DAX,1697.26
1993-06-25,DAX,1698.33
1993-06-26,DAX,1690.96
1993-06-28,DAX,1692.16
1993-06-29,DAX,1699.52
1993-07-01,DAX,1712.33
1993-07-02,DAX,1703.05
1993-07-03,DAX,1700.93
1993-07-05,DAX,1698.36
1993-07-06,DAX,1697.39
1993-07-08,DAX,1694.83
1993-07-09,DAX,1705.66
1993-07-10,DAX,1739.48
1993-07-12,DAX,1798.63
1993-07-13,DAX,1798.36
1993-07-15,DAX,1808.74
1993-07-16,DAX,1806.52
1993-07-17,DAX,1815.63
1993-07-19,DAX,1807.12
1993-07-20,DAX,1829.36
1993-07-22,DAX,1835.09
1993-07-23,DAX,1826.45
1993-07-24,DAX,1821.28
1993-07-26,DAX,1828.53
1993-07-27,DAX,1830.61
1993-07-29,DAX,1859.49
1993-07-30,DAX,1846.02
1993-07-31,DAX,1832.2
1993-08-02,DAX,1823.4
1993-08-03,DAX,1823.07
1993-08-05,DAX,1818.1
1993-08-06,DAX,1857.36
1993-08-08,DAX,1861.22
1993-08-09,DAX,1870.8
1993-08-10,DAX,1878.94
1993-08-12,DAX,1870.24
1993-08-13,DAX,1864.51
1993-08-15,DAX,1894.56
1993-08-16,DAX,1908.69
1993-08-17,DAX,1917.69
1993-08-19,DAX,1903.44
1993-08-20,DAX,1918.75
1993-08-22,DAX,1930.29
1993-08-23,DAX,1937.77
1993-08-24,DAX,1909.53
1993-08-26,DAX,1893.48
1993-08-27,DAX,1907.65
1993-08-29,DAX,1915.59
1993-08-30,DAX,1890.58
1993-08-31,DAX,1909.54
1993-09-02,DAX,1929.56
1993-09-03,DAX,1931.88
1993-09-05,DAX,1923.67
1993-09-06,DAX,1928.63
1993-09-07,DAX,1920.43
1993-09-09,DAX,1911.15
1993-09-10,DAX,1878.77
1993-09-12,DAX,1870.32
1993-09-13,DAX,1870.46
1993-09-14,DAX,1868.28
1993-09-16,DAX,1874.38
1993-09-17,DAX,1869.25
1993-09-19,DAX,1852.81
1993-09-20,DAX,1862.62
1993-09-21,DAX,1884.67
1993-09-23,DAX,1922.69
1993-09-24,DAX,1922.05
1993-09-26,DAX,1899.54
1993-09-27,DAX,1902.14
1993-09-28,DAX,1890.18
1993-09-30,DAX,1914.4
1993-10-01,DAX,1915.61
1993-10-03,DAX,1908.97
1993-10-04,DAX,1910.23
1993-10-05,DAX,1920.46
1993-10-07,DAX,1934.99
1993-10-08,DAX,1973.45
1993-10-10,DAX,1994.09
1993-10-11,DAX,1991.95
1993-10-12,DAX,2015.71
1993-10-14,DAX,2009.28
1993-10-15,DAX,2004.11
1993-10-17,DAX,1999.6
1993-10-18,DAX,1995.35
1993-10-20,DAX,2023.26
1993-10-21,DAX,2032.25
1993-10-22,DAX,2036.93
1993-10-24,DAX,2029.87
1993-10-25,DAX,2048.05
1993-10-27,DAX,2083.62
1993-10-28,DAX,2061.18
1993-10-29,DAX,2048.75
1993-10-31,DAX,2040.97
1993-11-01,DAX,2053.66
1993-11-03,DAX,2064.98
1993-11-04,DAX,2068.51
1993-11-05,DAX,2086.4
1993-11-07,DAX,2086.22
1993-11-08,DAX,2057.1
1993-11-10,DAX,2013.65
1993-11-11,DAX,2007.5
1993-11-12,DAX,2040.74
1993-11-14,DAX,2020.11
1993-11-15,DAX,2021.81
1993-11-17,DAX,2023.06
1993-11-18,DAX,2047.2
1993-11-19,DAX,2070.17
1993-11-21,DAX,2070.17
1993-11-22,DAX,2075.99
1993-11-24,DAX,2072.13
1993-11-25,DAX,2020.36
1993-11-26,DAX,2027.99
1993-11-28,DAX,2036.45
1993-11-29,DAX,2057.8
1993-12-01,DAX,2045.25
1993-12-02,DAX,2052.09
1993-12-03,DAX,2052.92
1993-12-05,DAX,2089.77
1993-12-06,DAX,2099.76
1993-12-08,DAX,2128.3
1993-12-09,DAX,2118.01
1993-12-10,DAX,2127.39
1993-12-12,DAX,2165.95
1993-12-13,DAX,2166.58
1993-12-15,DAX,2165.5
1993-12-16,DAX,2163.83
1993-12-17,DAX,2128.07
1993-12-19,DAX,2129.52
1993-12-20,DAX,2144.03
1993-12-22,DAX,2154.76
1993-12-23,DAX,2188.18
1993-12-24,DAX,2183.78
1993-12-26,DAX,2209.17
1993-12-27,DAX,2227.63
1993-12-29,DAX,2227.63
1993-12-30,DAX,2266.7
1994-01-01,DAX,2236.91
1994-01-02,DAX,2229.62
1994-01-03,DAX,2255.29
1994-01-05,DAX,2255.29
1994-01-06,DAX,2274.62
1994-01-08,DAX,2249.85
1994-01-09,DAX,2233.61
1994-01-10,DAX,2220.63
1994-01-12,DAX,2224.95
1994-01-13,DAX,2225
1994-01-15,DAX,2228.1
1994-01-16,DAX,2182.06
1994-01-17,DAX,2142.37
1994-01-19,DAX,2151.05
1994-01-20,DAX,2115.56
1994-01-22,DAX,2130.35
1994-01-23,DAX,2132.52
1994-01-24,DAX,2098.36
1994-01-26,DAX,2073.94
1994-01-27,DAX,2107.29
1994-01-29,DAX,2090.78
1994-01-30,DAX,2128.66
1994-01-31,DAX,2123.31
1994-02-02,DAX,2156.61
1994-02-03,DAX,2192.6
1994-02-05,DAX,2181.88
1994-02-06,DAX,2184.05
1994-02-07,DAX,2137.08
1994-02-09,DAX,2143.9
1994-02-10,DAX,2095.11
1994-02-12,DAX,2099.57
1994-02-13,DAX,2116.43
1994-02-14,DAX,2119.69
1994-02-16,DAX,2108.77
1994-02-17,DAX,2101.93
1994-02-19,DAX,2130.71
1994-02-20,DAX,2135.25
1994-02-21,DAX,2162.29
1994-02-23,DAX,2133.85
1994-02-24,DAX,2108.06
1994-02-26,DAX,2113.64
1994-02-27,DAX,2140.25
1994-02-28,DAX,2082.9
1994-03-02,DAX,2075.33
1994-03-03,DAX,2103.24
1994-03-05,DAX,2057.2
1994-03-06,DAX,2018.69
1994-03-07,DAX,2044.45
1994-03-09,DAX,2076.76
1994-03-10,DAX,2132.12
1994-03-12,DAX,2125.47
1994-03-13,DAX,2118.01
1994-03-15,DAX,2124.51
1994-03-16,DAX,2101.89
1994-03-17,DAX,2169.4
1994-03-19,DAX,2178.91
1994-03-20,DAX,2168.11
1994-03-22,DAX,2160.45
1994-03-23,DAX,2140.39
1994-03-24,DAX,2130.55
1994-03-26,DAX,2141.7
1994-03-27,DAX,2162.96
1994-03-29,DAX,2144.36
1994-03-30,DAX,2144
1994-03-31,DAX,2167.72
1994-04-02,DAX,2162.82
1994-04-03,DAX,2151.84
1994-04-05,DAX,2142.88
1994-04-06,DAX,2142.88
1994-04-07,DAX,2142.88
1994-04-09,DAX,2177.09
1994-04-10,DAX,2184.89
1994-04-12,DAX,2202.57
1994-04-13,DAX,2203.18
1994-04-14,DAX,2224.85
1994-04-16,DAX,2211.19
1994-04-17,DAX,2215.19
1994-04-19,DAX,2198.24
1994-04-20,DAX,2211.92
1994-04-21,DAX,2218.37
1994-04-23,DAX,2193.89
1994-04-24,DAX,2194.09
1994-04-26,DAX,2194.41
1994-04-27,DAX,2218.13
1994-04-28,DAX,2208.68
1994-04-30,DAX,2241.36
1994-05-01,DAX,2256.98
1994-05-03,DAX,2237.82
1994-05-04,DAX,2252.51
1994-05-05,DAX,2266.72
1994-05-07,DAX,2261.71
1994-05-08,DAX,2241.85
1994-05-10,DAX,2249.78
1994-05-11,DAX,2233.55
1994-05-12,DAX,2218.77
1994-05-14,DAX,2241.34
1994-05-15,DAX,2248.02
1994-05-17,DAX,2248.02
1994-05-18,DAX,2257.33
1994-05-19,DAX,2272.96
1994-05-21,DAX,2268.11
1994-05-22,DAX,2254.21
1994-05-24,DAX,2245.79
1994-05-25,DAX,2238.97
1994-05-27,DAX,2238.97
1994-05-28,DAX,2188.01
1994-05-29,DAX,2137.56
1994-05-31,DAX,2146
1994-06-01,DAX,2112.8
1994-06-03,DAX,2129.76
1994-06-04,DAX,2137.34
1994-06-05,DAX,2113.62
1994-06-07,DAX,2120.23
1994-06-08,DAX,2158.88
1994-06-10,DAX,2163.59
1994-06-11,DAX,2131.8
1994-06-12,DAX,2143.93
1994-06-14,DAX,2131.14
1994-06-15,DAX,2143.58
1994-06-17,DAX,2084.42
1994-06-18,DAX,2088.44
1994-06-19,DAX,2073.21
1994-06-21,DAX,2047.29
1994-06-22,DAX,2031.8
1994-06-24,DAX,1986.42
1994-06-25,DAX,1957.08
1994-06-26,DAX,2004.93
1994-06-28,DAX,2032.52
1994-06-29,DAX,2005.07
1994-07-01,DAX,2000.48
1994-07-02,DAX,2022.25
1994-07-03,DAX,2042.45
1994-07-05,DAX,2020.85
1994-07-06,DAX,2040.69
1994-07-08,DAX,2061.7
1994-07-09,DAX,2034.64
1994-07-10,DAX,2031.33
1994-07-12,DAX,2049.1
1994-07-13,DAX,2047.83
1994-07-15,DAX,2069.46
1994-07-16,DAX,2048.57
1994-07-17,DAX,2051.25
1994-07-19,DAX,2070.71
1994-07-20,DAX,2103.54
1994-07-22,DAX,2116.96
1994-07-23,DAX,2129.86
1994-07-24,DAX,2120.97
1994-07-26,DAX,2126.75
1994-07-27,DAX,2148.23
1994-07-29,DAX,2144.21
1994-07-30,DAX,2163.32
1994-07-31,DAX,2135.93
1994-08-02,DAX,2134.12
1994-08-03,DAX,2152.19
1994-08-05,DAX,2161.5
1994-08-06,DAX,2193.63
1994-08-08,DAX,2190.83
1994-08-09,DAX,2176.66
1994-08-10,DAX,2188.81
1994-08-12,DAX,2182.32
1994-08-13,DAX,2160.56
1994-08-15,DAX,2166.51
1994-08-16,DAX,2156.31
1994-08-17,DAX,2133.74
1994-08-19,DAX,2134.34
1994-08-20,DAX,2152.65
1994-08-22,DAX,2166.56
1994-08-23,DAX,2151.44
1994-08-24,DAX,2143.84
1994-08-26,DAX,2113.37
1994-08-27,DAX,2121.25
1994-08-29,DAX,2132.98
1994-08-30,DAX,2153.48
1994-08-31,DAX,2190.58
1994-09-02,DAX,2215.72
1994-09-03,DAX,2205.82
1994-09-05,DAX,2207.09
1994-09-06,DAX,2185.78
1994-09-07,DAX,2197.38
1994-09-09,DAX,2173.6
1994-09-10,DAX,2158.07
1994-09-12,DAX,2167.68
1994-09-13,DAX,2178.1
1994-09-14,DAX,2155.58
1994-09-16,DAX,2155.81
1994-09-17,DAX,2157.15
1994-09-19,DAX,2118.17
1994-09-20,DAX,2129.36
1994-09-21,DAX,2097.45
1994-09-23,DAX,2100.55
1994-09-24,DAX,2059.15
1994-09-26,DAX,2067.17
1994-09-27,DAX,2072.81
1994-09-28,DAX,2097.33
1994-09-30,DAX,2057.83
1994-10-01,DAX,2056.89
1994-10-03,DAX,2070.36
1994-10-04,DAX,2016.08
1994-10-05,DAX,2002.3
1994-10-07,DAX,2002.3
1994-10-08,DAX,1988.67
1994-10-10,DAX,1946.49
1994-10-11,DAX,1965.41
1994-10-12,DAX,1977.67
1994-10-14,DAX,2048.56
1994-10-15,DAX,2087.71
1994-10-17,DAX,2072.68
1994-10-18,DAX,2108.08
1994-10-20,DAX,2118.52
1994-10-21,DAX,2095.58
1994-10-22,DAX,2069.58
1994-10-24,DAX,2055.94
1994-10-25,DAX,2048.15
1994-10-27,DAX,2016.6
1994-10-28,DAX,2022.64
1994-10-29,DAX,1995.85
1994-10-31,DAX,2009.45
1994-11-01,DAX,2026.37
1994-11-03,DAX,2064.86
1994-11-04,DAX,2061.58
1994-11-05,DAX,2066.18
1994-11-07,DAX,2039.91
1994-11-08,DAX,2061.37
1994-11-10,DAX,2069.39
1994-11-11,DAX,2043.3
1994-11-12,DAX,2056.36
1994-11-14,DAX,2090.78
1994-11-15,DAX,2098.04
1994-11-17,DAX,2073.67
1994-11-18,DAX,2091.04
1994-11-19,DAX,2112.21
1994-11-21,DAX,2112.21
1994-11-22,DAX,2091.94
1994-11-24,DAX,2089.48
1994-11-25,DAX,2097.2
1994-11-26,DAX,2073.29
1994-11-28,DAX,2040.05
1994-11-29,DAX,2058.79
1994-12-01,DAX,2056.27
1994-12-02,DAX,2050.82
1994-12-03,DAX,2036.24
1994-12-05,DAX,2057.08
1994-12-06,DAX,2045.54
1994-12-08,DAX,2042.38
1994-12-09,DAX,2067.26
1994-12-10,DAX,2046.99
1994-12-12,DAX,2044.04
1994-12-13,DAX,2041.85
1994-12-15,DAX,2024.19
1994-12-16,DAX,2003.64
1994-12-17,DAX,2019.13
1994-12-19,DAX,2040.94
1994-12-20,DAX,2054.23
1994-12-22,DAX,2069.9
1994-12-23,DAX,2066.59
1994-12-24,DAX,2080.16
1994-12-26,DAX,2095.5
1994-12-27,DAX,2102.25
1994-12-29,DAX,2100.98
1994-12-30,DAX,2100.98
1995-01-01,DAX,2110.77
1995-01-02,DAX,2097.34
1995-01-03,DAX,2074.68
1995-01-05,DAX,2097.51
1995-01-06,DAX,2079.19
1995-01-08,DAX,2068.92
1995-01-09,DAX,2072.9
1995-01-10,DAX,2051.46
1995-01-12,DAX,2058.2
1995-01-13,DAX,2053.41
1995-01-15,DAX,2062.08
1995-01-16,DAX,2061.76
1995-01-17,DAX,2059.68
1995-01-19,DAX,2064.14
1995-01-20,DAX,2088.25
1995-01-22,DAX,2081.39
1995-01-23,DAX,2085.62
1995-01-24,DAX,2079.6
1995-01-26,DAX,2050.86
1995-01-27,DAX,2013.03
1995-01-29,DAX,2027.67
1995-01-30,DAX,2026.97
1995-01-31,DAX,2040.79
1995-02-02,DAX,2030.56
1995-02-03,DAX,2026.68
1995-02-05,DAX,2024.82
1995-02-06,DAX,2047.44
1995-02-07,DAX,2038.46
1995-02-09,DAX,2077.94
1995-02-10,DAX,2085.08
1995-02-12,DAX,2093.01
1995-02-13,DAX,2087.78
1995-02-14,DAX,2117.8
1995-02-16,DAX,2127.56
1995-02-17,DAX,2118.96
1995-02-19,DAX,2128.33
1995-02-20,DAX,2135.49
1995-02-21,DAX,2112.06
1995-02-23,DAX,2119.29
1995-02-24,DAX,2101.98
1995-02-26,DAX,2101.82
1995-02-27,DAX,2096.26
1995-02-28,DAX,2126.44
1995-03-02,DAX,2117.59
1995-03-03,DAX,2106.05
1995-03-05,DAX,2097.85
1995-03-06,DAX,2127.21
1995-03-07,DAX,2116.64
1995-03-09,DAX,2094.16
1995-03-10,DAX,2069.95
1995-03-12,DAX,2041.26
1995-03-13,DAX,2029.38
1995-03-15,DAX,1989.2
1995-03-16,DAX,2008.85
1995-03-17,DAX,1974.14
1995-03-19,DAX,2022.5
1995-03-20,DAX,1995.22
1995-03-22,DAX,2016.15
1995-03-23,DAX,1979.52
1995-03-24,DAX,1984.99
1995-03-26,DAX,1984.15
1995-03-27,DAX,1978.07
1995-03-29,DAX,1935.08
1995-03-30,DAX,1935.87
1995-03-31,DAX,1928.82
1995-04-02,DAX,1911.7
1995-04-03,DAX,1918.85
1995-04-05,DAX,1949.76
1995-04-06,DAX,1914.69
1995-04-07,DAX,1934.96
1995-04-09,DAX,1965.68
1995-04-10,DAX,1972.59
1995-04-12,DAX,1976.52
1995-04-13,DAX,1978.71
1995-04-14,DAX,1980.81
1995-04-16,DAX,1979.26
1995-04-17,DAX,1991.08
1995-04-19,DAX,1982.99
1995-04-20,DAX,1982.99
1995-04-21,DAX,1982.99
1995-04-23,DAX,1954.62
1995-04-24,DAX,1943.88
1995-04-26,DAX,1955.33
1995-04-27,DAX,1987.7
1995-04-28,DAX,1978.97
1995-04-30,DAX,2007.57
1995-05-01,DAX,2028.52
1995-05-03,DAX,2024.25
1995-05-04,DAX,2017.95
1995-05-05,DAX,2017.95
1995-05-07,DAX,2036.47
1995-05-08,DAX,2037.99
1995-05-10,DAX,2034.15
1995-05-11,DAX,2021.22
1995-05-12,DAX,2030.65
1995-05-14,DAX,2050.66
1995-05-15,DAX,2064.41
1995-05-17,DAX,2086.41
1995-05-18,DAX,2102.4
1995-05-19,DAX,2092
1995-05-21,DAX,2109.36
1995-05-22,DAX,2088.99
1995-05-24,DAX,2083.8
1995-05-25,DAX,2064.42
1995-05-27,DAX,2096.87
1995-05-28,DAX,2083.55
1995-05-29,DAX,2105.88
1995-05-31,DAX,2105.88
1995-06-01,DAX,2065.71
1995-06-03,DAX,2069.26
1995-06-04,DAX,2081.46
1995-06-05,DAX,2099.95
1995-06-07,DAX,2119.24
1995-06-08,DAX,2132.72
1995-06-10,DAX,2132.72
1995-06-11,DAX,2154.17
1995-06-12,DAX,2136.72
1995-06-14,DAX,2137.21
1995-06-15,DAX,2107.16
1995-06-17,DAX,2127.79
1995-06-18,DAX,2124.25
1995-06-19,DAX,2124.84
1995-06-21,DAX,2130.78
1995-06-22,DAX,2125.06
1995-06-24,DAX,2154.13
1995-06-25,DAX,2140.36
1995-06-26,DAX,2144.88
1995-06-28,DAX,2144.88
1995-06-29,DAX,2144.88
1995-07-01,DAX,2137.36
1995-07-02,DAX,2128.99
1995-07-03,DAX,2091.3
1995-07-05,DAX,2094.68
1995-07-06,DAX,2089.04
1995-07-08,DAX,2099.68
1995-07-09,DAX,2110.13
1995-07-10,DAX,2117.63
1995-07-12,DAX,2111.35
1995-07-13,DAX,2163.37
1995-07-15,DAX,2184.39
1995-07-16,DAX,2194.15
1995-07-17,DAX,2200.32
1995-07-19,DAX,2193.72
1995-07-20,DAX,2191.25
1995-07-22,DAX,2201.36
1995-07-23,DAX,2183.71
1995-07-24,DAX,2195.31
1995-07-26,DAX,2183.52
1995-07-27,DAX,2196.54
1995-07-29,DAX,2232.02
1995-07-30,DAX,2232.23
1995-07-31,DAX,2237.73
1995-08-02,DAX,2239.36
1995-08-03,DAX,2217.91
1995-08-05,DAX,2222.51
1995-08-06,DAX,2211.26
1995-08-08,DAX,2249.6
1995-08-09,DAX,2234.86
1995-08-10,DAX,2236.68
1995-08-12,DAX,2244.56
1995-08-13,DAX,2236.89
1995-08-15,DAX,2222.28
1995-08-16,DAX,2236.72
1995-08-17,DAX,2228.44
1995-08-19,DAX,2208.41
1995-08-20,DAX,2236.73
1995-08-22,DAX,2251.64
1995-08-23,DAX,2253.93
1995-08-24,DAX,2265.86
1995-08-26,DAX,2269.6
1995-08-27,DAX,2258.97
1995-08-29,DAX,2262.66
1995-08-30,DAX,2253.91
1995-08-31,DAX,2257.34
1995-09-02,DAX,2240.31
1995-09-03,DAX,2230.27
1995-09-05,DAX,2251.3
1995-09-06,DAX,2234.23
1995-09-07,DAX,2242.76
1995-09-09,DAX,2263.08
1995-09-10,DAX,2266.57
1995-09-12,DAX,2266.37
1995-09-13,DAX,2263.27
1995-09-14,DAX,2266.77
1995-09-16,DAX,2268.26
1995-09-17,DAX,2266.07
1995-09-19,DAX,2300.72
1995-09-20,DAX,2300.29
1995-09-21,DAX,2305.58
1995-09-23,DAX,2289.49
1995-09-24,DAX,2306.66
1995-09-26,DAX,2294.15
1995-09-27,DAX,2275.72
1995-09-28,DAX,2204.44
1995-09-30,DAX,2212.97
1995-10-01,DAX,2232.02
1995-10-03,DAX,2190.9
1995-10-04,DAX,2184.24
1995-10-05,DAX,2201.27
1995-10-07,DAX,2197.01
1995-10-08,DAX,2197.01
1995-10-10,DAX,2211.6
1995-10-11,DAX,2191.54
1995-10-12,DAX,2176.35
1995-10-14,DAX,2157.41
1995-10-15,DAX,2137.01
1995-10-17,DAX,2153.56
1995-10-18,DAX,2159.73
1995-10-20,DAX,2206.11
1995-10-21,DAX,2193.85
1995-10-22,DAX,2185.52
1995-10-24,DAX,2197.57
1995-10-25,DAX,2176.09
1995-10-27,DAX,2148.12
1995-10-28,DAX,2116.86
1995-10-29,DAX,2114.88
1995-10-31,DAX,2140.74
1995-11-01,DAX,2142.74
1995-11-03,DAX,2112.01
1995-11-04,DAX,2149.71
1995-11-05,DAX,2165.76
1995-11-07,DAX,2182.11
1995-11-08,DAX,2180.49
1995-11-10,DAX,2169.69
1995-11-11,DAX,2168.57
1995-11-12,DAX,2174.27
1995-11-14,DAX,2184.05
1995-11-15,DAX,2182.47
1995-11-17,DAX,2174.78
1995-11-18,DAX,2195.15
1995-11-19,DAX,2197.34
1995-11-21,DAX,2196.64
1995-11-22,DAX,2199.29
1995-11-24,DAX,2196.59
1995-11-25,DAX,2204.01
1995-11-26,DAX,2201.9
1995-11-28,DAX,2194.53
1995-11-29,DAX,2197.26
1995-12-01,DAX,2210.92
1995-12-02,DAX,2247.97
1995-12-03,DAX,2242.91
1995-12-05,DAX,2249.75
1995-12-06,DAX,2254.95
1995-12-08,DAX,2266.56
1995-12-09,DAX,2261.08
1995-12-10,DAX,2269.34
1995-12-12,DAX,2274.94
1995-12-13,DAX,2260.62
1995-12-15,DAX,2277.7
1995-12-16,DAX,2277.7
1995-12-17,DAX,2278.64
1995-12-19,DAX,2283.26
1995-12-20,DAX,2286.21
1995-12-22,DAX,2283.84
1995-12-23,DAX,2240.24
1995-12-24,DAX,2241.43
1995-12-26,DAX,2268.07
1995-12-27,DAX,2268.35
1995-12-29,DAX,2280.81
1995-12-30,DAX,2280.81
1996-01-01,DAX,2280.81
1996-01-02,DAX,2280.44
1996-01-03,DAX,2273.9
1996-01-05,DAX,2260.69
1996-01-06,DAX,2260.69
1996-01-08,DAX,2307.7
1996-01-09,DAX,2326.18
1996-01-10,DAX,2332.81
1996-01-12,DAX,2315.66
1996-01-13,DAX,2336.76
1996-01-15,DAX,2351.47
1996-01-16,DAX,2340.31
1996-01-17,DAX,2330.98
1996-01-19,DAX,2353.89
1996-01-20,DAX,2361.38
1996-01-22,DAX,2379.43
1996-01-23,DAX,2375.63
1996-01-24,DAX,2389.62
1996-01-26,DAX,2400.58
1996-01-27,DAX,2391.74
1996-01-29,DAX,2393.12
1996-01-30,DAX,2436.68
1996-01-31,DAX,2437.02
1996-02-02,DAX,2449.71
1996-02-03,DAX,2437.7
1996-02-05,DAX,2456.09
1996-02-06,DAX,2463
1996-02-08,DAX,2472.53
1996-02-09,DAX,2459.81
1996-02-10,DAX,2416.84
1996-02-12,DAX,2437.98
1996-02-13,DAX,2442.43
1996-02-15,DAX,2411.49
1996-02-16,DAX,2435.07
1996-02-17,DAX,2428.59
1996-02-19,DAX,2436.09
1996-02-20,DAX,2427.77
1996-02-22,DAX,2426.51
1996-02-23,DAX,2423.6
1996-02-24,DAX,2387.6
1996-02-26,DAX,2373.01
1996-02-27,DAX,2401.59
1996-02-29,DAX,2421.93
1996-03-01,DAX,2449.52
1996-03-02,DAX,2438.73
1996-03-04,DAX,2449.09
1996-03-05,DAX,2486.95
1996-03-07,DAX,2485.18
1996-03-08,DAX,2488.85
1996-03-09,DAX,2486.83
1996-03-11,DAX,2472.52
1996-03-12,DAX,2471.38
1996-03-14,DAX,2479.38
1996-03-15,DAX,2448.8
1996-03-17,DAX,2419.72
1996-03-18,DAX,2415.29
1996-03-19,DAX,2417
1996-03-21,DAX,2432.46
1996-03-22,DAX,2458
1996-03-24,DAX,2472.55
1996-03-25,DAX,2484.74
1996-03-26,DAX,2491.73
1996-03-28,DAX,2505.32
1996-03-29,DAX,2479.84
1996-03-31,DAX,2514.8
1996-04-01,DAX,2505.78
1996-04-02,DAX,2523.81
1996-04-04,DAX,2502.94
1996-04-05,DAX,2489.35
1996-04-07,DAX,2500.75
1996-04-08,DAX,2508.11
1996-04-09,DAX,2489.52
1996-04-11,DAX,2498.75
1996-04-12,DAX,2498.75
1996-04-14,DAX,2498.75
1996-04-15,DAX,2510.81
1996-04-16,DAX,2525.59
1996-04-18,DAX,2508.12
1996-04-19,DAX,2526.74
1996-04-21,DAX,2540.79
1996-04-22,DAX,2547.32
1996-04-24,DAX,2519.82
1996-04-25,DAX,2524.18
1996-04-26,DAX,2535.86
1996-04-28,DAX,2549.27
1996-04-29,DAX,2549.12
1996-05-01,DAX,2524.84
1996-05-02,DAX,2538.68
1996-05-03,DAX,2539.88
1996-05-05,DAX,2505.97
1996-05-06,DAX,2492.63
1996-05-08,DAX,2492.63
1996-05-09,DAX,2465.49
1996-05-10,DAX,2472.43
1996-05-12,DAX,2473.52
1996-05-13,DAX,2476.79
1996-05-15,DAX,2466.21
1996-05-16,DAX,2470.57
1996-05-17,DAX,2499.02
1996-05-19,DAX,2496.33
1996-05-20,DAX,2528.2
1996-05-22,DAX,2534.4
1996-05-23,DAX,2534.4
1996-05-24,DAX,2552.29
1996-05-26,DAX,2541.98
1996-05-27,DAX,2564.12
1996-05-29,DAX,2548.79
1996-05-30,DAX,2546.55
1996-06-01,DAX,2549.53
1996-06-02,DAX,2549.53
1996-06-03,DAX,2559.15
1996-06-05,DAX,2548.53
1996-06-06,DAX,2535.78
1996-06-08,DAX,2523.81
1996-06-09,DAX,2543.99
1996-06-10,DAX,2550.42
1996-06-12,DAX,2551.03
1996-06-13,DAX,2559.02
1996-06-15,DAX,2536.03
1996-06-16,DAX,2552.96
1996-06-17,DAX,2571.1
1996-06-19,DAX,2569.9
1996-06-20,DAX,2566.13
1996-06-22,DAX,2544.9
1996-06-23,DAX,2549.71
1996-06-24,DAX,2554.12
1996-06-26,DAX,2546.04
1996-06-27,DAX,2532.22
1996-06-29,DAX,2547.78
1996-06-30,DAX,2562.19
1996-07-02,DAX,2578.36
1996-07-03,DAX,2572.06
1996-07-04,DAX,2551.8
1996-07-06,DAX,2570.44
1996-07-07,DAX,2573.44
1996-07-09,DAX,2565.32
1996-07-10,DAX,2566.32
1996-07-11,DAX,2578.74
1996-07-13,DAX,2568.79
1996-07-14,DAX,2561.51
1996-07-16,DAX,2562.24
1996-07-17,DAX,2573
1996-07-18,DAX,2561.95
1996-07-20,DAX,2548.97
1996-07-21,DAX,2529.5
1996-07-23,DAX,2475.98
1996-07-24,DAX,2497.69
1996-07-25,DAX,2505.56
1996-07-27,DAX,2498.35
1996-07-28,DAX,2468.32
1996-07-30,DAX,2488.82
1996-07-31,DAX,2459.13
1996-08-01,DAX,2464.51
1996-08-03,DAX,2469.51
1996-08-04,DAX,2472.25
1996-08-06,DAX,2466.84
1996-08-07,DAX,2491.5
1996-08-09,DAX,2504.16
1996-08-10,DAX,2520.26
1996-08-11,DAX,2520.52
1996-08-13,DAX,2527.73
1996-08-14,DAX,2541.41
1996-08-16,DAX,2534.63
1996-08-17,DAX,2532.96
1996-08-18,DAX,2529.14
1996-08-20,DAX,2545.65
1996-08-21,DAX,2544.61
1996-08-23,DAX,2542.75
1996-08-24,DAX,2567.96
1996-08-25,DAX,2556.25
1996-08-27,DAX,2562.12
1996-08-28,DAX,2534.44
1996-08-30,DAX,2559.42
1996-08-31,DAX,2562.12
1996-09-01,DAX,2554.42
1996-09-03,DAX,2563.59
1996-09-04,DAX,2556.64
1996-09-06,DAX,2548.84
1996-09-07,DAX,2534.49
1996-09-08,DAX,2538.34
1996-09-10,DAX,2528.73
1996-09-11,DAX,2526.18
1996-09-13,DAX,2532.55
1996-09-14,DAX,2542.74
1996-09-16,DAX,2549.71
1996-09-17,DAX,2568.77
1996-09-18,DAX,2568.7
1996-09-20,DAX,2588.04
1996-09-21,DAX,2614.5
1996-09-23,DAX,2630.24
1996-09-24,DAX,2626.43
1996-09-25,DAX,2621.2
1996-09-27,DAX,2625.46
1996-09-28,DAX,2641.5
1996-09-30,DAX,2624.18
1996-10-01,DAX,2643.42
1996-10-02,DAX,2663.1
1996-10-04,DAX,2664.96
1996-10-05,DAX,2659.86
1996-10-07,DAX,2655.49
1996-10-08,DAX,2654.34
1996-10-09,DAX,2685.29
1996-10-11,DAX,2685.29
1996-10-12,DAX,2704.25
1996-10-14,DAX,2705.21
1996-10-15,DAX,2702.6
1996-10-16,DAX,2685.23
1996-10-18,DAX,2683.52
1996-10-19,DAX,2692.69
1996-10-21,DAX,2700.83
1996-10-22,DAX,2718.73
1996-10-24,DAX,2705.06
1996-10-25,DAX,2717.5
1996-10-26,DAX,2727.56
1996-10-28,DAX,2733.67
1996-10-29,DAX,2721.74
1996-10-31,DAX,2678.89
1996-11-01,DAX,2681.94
1996-11-02,DAX,2690.79
1996-11-04,DAX,2703.33
1996-11-05,DAX,2675.5
1996-11-07,DAX,2664.72
1996-11-08,DAX,2671.4
1996-11-09,DAX,2670.19
1996-11-11,DAX,2678.73
1996-11-12,DAX,2716.16
1996-11-14,DAX,2735.28
1996-11-15,DAX,2724.25
1996-11-16,DAX,2732.29
1996-11-18,DAX,2730.44
1996-11-19,DAX,2764
1996-11-21,DAX,2770.61
1996-11-22,DAX,2784.39
1996-11-23,DAX,2800.6
1996-11-25,DAX,2768.68
1996-11-26,DAX,2781.54
1996-11-28,DAX,2766.08
1996-11-29,DAX,2765.29
1996-12-01,DAX,2769.47
1996-12-02,DAX,2800.52
1996-12-03,DAX,2808.62
1996-12-05,DAX,2793.86
1996-12-06,DAX,2829.68
1996-12-08,DAX,2848.84
1996-12-09,DAX,2853.46
1996-12-10,DAX,2900.76
1996-12-12,DAX,2880.89
1996-12-13,DAX,2894.43
1996-12-15,DAX,2832.53
1996-12-16,DAX,2870.3
1996-12-17,DAX,2890.95
1996-12-19,DAX,2836.36
1996-12-20,DAX,2846.94
1996-12-22,DAX,2815.77
1996-12-23,DAX,2841.16
1996-12-24,DAX,2808.5
1996-12-26,DAX,2814.23
1996-12-27,DAX,2824.83
1996-12-29,DAX,2835.54
1996-12-30,DAX,2844.09
1997-01-01,DAX,2844.09
1997-01-02,DAX,2844.09
1997-01-03,DAX,2844.09
1997-01-05,DAX,2859.22
1997-01-06,DAX,2880.07
1997-01-08,DAX,2880.07
1997-01-09,DAX,2880.07
1997-01-10,DAX,2820.81
1997-01-12,DAX,2863.26
1997-01-13,DAX,2890.2
1997-01-15,DAX,2876.34
1997-01-16,DAX,2904.08
1997-01-17,DAX,2936.69
1997-01-19,DAX,2915.81
1997-01-20,DAX,2956.78
1997-01-22,DAX,2978.84
1997-01-23,DAX,2976.56
1997-01-24,DAX,2996.12
1997-01-26,DAX,3006.87
1997-01-27,DAX,2999.19
1997-01-29,DAX,3000.66
1997-01-30,DAX,3026.63
1997-01-31,DAX,3037.28
1997-02-02,DAX,2982.63
1997-02-03,DAX,2992.55
1997-02-05,DAX,3028.27
1997-02-06,DAX,2997.95
1997-02-07,DAX,3018.58
1997-02-09,DAX,3037.7
1997-02-10,DAX,3064.7
1997-02-12,DAX,3067.48
1997-02-13,DAX,3114.73
1997-02-14,DAX,3124.78
1997-02-16,DAX,3161.36
1997-02-17,DAX,3185.72
1997-02-19,DAX,3191.45
1997-02-20,DAX,3211.01
1997-02-21,DAX,3256.86
1997-02-23,DAX,3249.17
1997-02-24,DAX,3260.3
1997-02-26,DAX,3230.83
1997-02-27,DAX,3209.04
1997-02-28,DAX,3197.09
1997-03-02,DAX,3203.79
1997-03-03,DAX,3180.63
1997-03-05,DAX,3233.34
1997-03-06,DAX,3245.02
1997-03-07,DAX,3272.58
1997-03-09,DAX,3261.04
1997-03-10,DAX,3258.74
1997-03-12,DAX,3345.09
1997-03-13,DAX,3375.45
1997-03-15,DAX,3396.55
1997-03-16,DAX,3419.51
1997-03-17,DAX,3426.77
1997-03-19,DAX,3430.95
1997-03-20,DAX,3382.4
1997-03-22,DAX,3367.82
1997-03-23,DAX,3404.29
1997-03-24,DAX,3337.11
1997-03-26,DAX,3289.59
1997-03-27,DAX,3305.72
1997-03-29,DAX,3247.03
1997-03-30,DAX,3288.52
1997-03-31,DAX,3302.57
1997-04-02,DAX,3374.93
1997-04-03,DAX,3439.22
1997-04-05,DAX,3407.83
1997-04-06,DAX,3407.83
1997-04-07,DAX,3407.83
1997-04-09,DAX,3281.46
1997-04-10,DAX,3210.94
1997-04-12,DAX,3212.82
1997-04-13,DAX,3235.35
1997-04-14,DAX,3342.77
1997-04-16,DAX,3328.13
1997-04-17,DAX,3364.76
1997-04-19,DAX,3352.58
1997-04-20,DAX,3319.24
1997-04-21,DAX,3297.52
1997-04-23,DAX,3369.26
1997-04-24,DAX,3347.54
1997-04-26,DAX,3361.8
1997-04-27,DAX,3361.2
1997-04-28,DAX,3328.41
1997-04-30,DAX,3348.9
1997-05-01,DAX,3366.87
1997-05-03,DAX,3396.49
1997-05-04,DAX,3357.57
1997-05-05,DAX,3372.96
1997-05-07,DAX,3425.86
1997-05-08,DAX,3438.09
1997-05-10,DAX,3438.09
1997-05-11,DAX,3491.08
1997-05-12,DAX,3565.69
1997-05-14,DAX,3548.52
1997-05-15,DAX,3537.45
1997-05-17,DAX,3537.45
1997-05-18,DAX,3533.21
1997-05-19,DAX,3593.14
1997-05-21,DAX,3559.29
1997-05-22,DAX,3588.57
1997-05-24,DAX,3564.85
1997-05-25,DAX,3569.26
1997-05-27,DAX,3569.26
1997-05-28,DAX,3516.2
1997-05-29,DAX,3600.4
1997-05-31,DAX,3575.44
1997-06-01,DAX,3621.72
1997-06-03,DAX,3669.31
1997-06-04,DAX,3665.43
1997-06-05,DAX,3626.6
1997-06-07,DAX,3635.38
1997-06-08,DAX,3562.73
1997-06-10,DAX,3596.4
1997-06-11,DAX,3655.59
1997-06-12,DAX,3651.59
1997-06-14,DAX,3684.6
1997-06-15,DAX,3700.53
1997-06-17,DAX,3668.61
1997-06-18,DAX,3671.16
1997-06-19,DAX,3671.87
1997-06-21,DAX,3737.16
1997-06-22,DAX,3752.37
1997-06-24,DAX,3750.02
1997-06-25,DAX,3721.18
1997-06-26,DAX,3730.56
1997-06-28,DAX,3777.56
1997-06-29,DAX,3788.54
1997-07-01,DAX,3748.79
1997-07-02,DAX,3761.07
1997-07-03,DAX,3819.52
1997-07-05,DAX,3820.16
1997-07-06,DAX,3809.92
1997-07-08,DAX,3766.89
1997-07-09,DAX,3834.84
1997-07-10,DAX,3867.53
1997-07-12,DAX,3939.73
1997-07-13,DAX,3946.73
1997-07-15,DAX,4003.35
1997-07-16,DAX,4030.1
1997-07-17,DAX,4026.97
1997-07-19,DAX,4000.65
1997-07-20,DAX,4074.3
1997-07-22,DAX,4142.19
1997-07-23,DAX,4139.68
1997-07-24,DAX,4223.69
1997-07-26,DAX,4203.91
1997-07-27,DAX,4131.94
1997-07-29,DAX,4139.96
1997-07-30,DAX,4297.64
1997-07-31,DAX,4384.82
1997-08-02,DAX,4320.52
1997-08-03,DAX,4368.54
1997-08-05,DAX,4400.3
1997-08-06,DAX,4377.7
1997-08-08,DAX,4458.66
1997-08-09,DAX,4405.52
1997-08-10,DAX,4336.98
1997-08-12,DAX,4302.5
1997-08-13,DAX,4325.86
1997-08-15,DAX,4364.25
1997-08-16,DAX,4428.08
1997-08-17,DAX,4342.31
1997-08-19,DAX,4333.15
1997-08-20,DAX,4377.51
1997-08-22,DAX,4237.06
1997-08-23,DAX,4195.53
1997-08-24,DAX,4077.59
1997-08-26,DAX,4080.55
1997-08-27,DAX,4190.45
1997-08-29,DAX,4251.93
1997-08-30,DAX,4204.81
1997-08-31,DAX,4090.14
1997-09-02,DAX,4076.75
1997-09-03,DAX,3993.7
1997-09-05,DAX,3992.03
1997-09-06,DAX,3897.43
1997-09-07,DAX,3919.79
1997-09-09,DAX,4001.81
1997-09-10,DAX,4127.28
1997-09-12,DAX,4062.13
1997-09-13,DAX,4093.43
1997-09-14,DAX,4073.71
1997-09-16,DAX,4131.26
1997-09-17,DAX,4104.57
1997-09-19,DAX,4028
1997-09-20,DAX,3890.24
1997-09-21,DAX,3796.61
1997-09-23,DAX,3869.53
1997-09-24,DAX,3995.69
1997-09-26,DAX,3970.44
1997-09-27,DAX,4004.04
1997-09-28,DAX,3983.06
1997-09-30,DAX,4096.85
1997-10-01,DAX,4091.77
1997-10-03,DAX,4150.95
1997-10-04,DAX,4104.93
1997-10-05,DAX,4135.09
1997-10-07,DAX,4116.52
1997-10-08,DAX,4154.89
1997-10-10,DAX,4262.98
1997-10-11,DAX,4266.17
1997-10-12,DAX,4266.17
1997-10-14,DAX,4326.35
1997-10-15,DAX,4311.13
1997-10-17,DAX,4267.4
1997-10-18,DAX,4179.92
1997-10-20,DAX,4164.62
1997-10-21,DAX,4225.27
1997-10-22,DAX,4215.23
1997-10-24,DAX,4168.62
1997-10-25,DAX,4149.92
1997-10-27,DAX,4049.16
1997-10-28,DAX,4069.25
1997-10-29,DAX,4172.47
1997-10-31,DAX,4124.86
1997-11-01,DAX,3976.38
1997-11-03,DAX,3981.44
1997-11-04,DAX,3871.39
1997-11-05,DAX,3645.69
1997-11-07,DAX,3806.66
1997-11-08,DAX,3748.88
1997-11-10,DAX,3753.66
1997-11-11,DAX,3847.73
1997-11-12,DAX,3784.8
1997-11-14,DAX,3841.39
1997-11-15,DAX,3813.88
1997-11-17,DAX,3715.38
1997-11-18,DAX,3728.37
1997-11-19,DAX,3734.79
1997-11-21,DAX,3697.48
1997-11-22,DAX,3701.94
1997-11-24,DAX,3676.65
1997-11-25,DAX,3816.71
1997-11-26,DAX,3844.14
1997-11-28,DAX,3876.9
1997-11-29,DAX,3931.81
1997-12-01,DAX,3941.91
1997-12-02,DAX,3832.1
1997-12-03,DAX,3850.14
1997-12-05,DAX,3926.93
1997-12-06,DAX,3961.97
1997-12-08,DAX,3972.08
1997-12-09,DAX,4125.92
1997-12-10,DAX,4096.4
1997-12-12,DAX,4074.55
1997-12-13,DAX,4159.72
1997-12-15,DAX,4191.81
1997-12-16,DAX,4208.14
1997-12-17,DAX,4187.13
1997-12-19,DAX,4116.7
1997-12-20,DAX,4016.7
1997-12-22,DAX,4061.91
1997-12-23,DAX,4029.08
1997-12-24,DAX,4150.31
1997-12-26,DAX,4154.57
1997-12-27,DAX,4162.92
1997-12-29,DAX,4055.35
1997-12-30,DAX,4125.54
1998-01-01,DAX,4132.79
1998-01-02,DAX,4132.79
1998-01-03,DAX,4132.79
1998-01-05,DAX,4132.79
1998-01-06,DAX,4266.02
1998-01-08,DAX,4224.3
1998-01-09,DAX,4224.3
1998-01-10,DAX,4224.3
1998-01-12,DAX,4364.32
1998-01-13,DAX,4416.95
1998-01-15,DAX,4360.05
1998-01-16,DAX,4339.98
1998-01-17,DAX,4293.64
1998-01-19,DAX,4237.75
1998-01-20,DAX,4134.64
1998-01-22,DAX,4150.01
1998-01-23,DAX,4145.41
1998-01-24,DAX,4140.22
1998-01-26,DAX,4216.24
1998-01-27,DAX,4290.05
1998-01-29,DAX,4310.83
1998-01-30,DAX,4250.47
1998-01-31,DAX,4238.77
1998-02-02,DAX,4222.16
1998-02-03,DAX,4266.34
1998-02-05,DAX,4316.05
1998-02-06,DAX,4385.29
1998-02-07,DAX,4444.53
1998-02-09,DAX,4442.53
1998-02-10,DAX,4529.88
1998-02-12,DAX,4529.18
1998-02-13,DAX,4509.25
1998-02-14,DAX,4494.72
1998-02-16,DAX,4536.91
1998-02-17,DAX,4519.56
1998-02-19,DAX,4558.62
1998-02-20,DAX,4552.46
1998-02-21,DAX,4509.37
1998-02-23,DAX,4522.42
1998-02-24,DAX,4535.56
1998-02-26,DAX,4627.42
1998-02-27,DAX,4611.66
1998-02-28,DAX,4581.08
1998-03-02,DAX,4583.03
1998-03-03,DAX,4610.66
1998-03-05,DAX,4604.55
1998-03-06,DAX,4704.58
1998-03-07,DAX,4695.78
1998-03-09,DAX,4693.86
1998-03-10,DAX,4781.62
1998-03-12,DAX,4759.62
1998-03-13,DAX,4690.52
1998-03-15,DAX,4676.42
1998-03-16,DAX,4762.71
1998-03-17,DAX,4828.89
1998-03-19,DAX,4852.22
1998-03-20,DAX,4862.41
1998-03-22,DAX,4838.67
1998-03-23,DAX,4872.24
1998-03-24,DAX,4905.59
1998-03-26,DAX,4945.91
1998-03-27,DAX,4908.55
1998-03-29,DAX,4949.91
1998-03-30,DAX,5045.16
1998-03-31,DAX,5014.13
1998-04-02,DAX,5064.35
1998-04-03,DAX,5114.13
1998-04-05,DAX,5029
1998-04-06,DAX,5066.9
1998-04-07,DAX,5069.89
1998-04-09,DAX,5097.25
1998-04-10,DAX,5135.35
1998-04-12,DAX,5179.04
1998-04-13,DAX,5254.32
1998-04-14,DAX,5345.89
1998-04-16,DAX,5309.67
1998-04-17,DAX,5267.35
1998-04-19,DAX,5312.25
1998-04-20,DAX,5312.25
1998-04-21,DAX,5312.25
1998-04-23,DAX,5367.98
1998-04-24,DAX,5359.24
1998-04-26,DAX,5292.97
1998-04-27,DAX,5326.63
1998-04-28,DAX,5407.93
1998-04-30,DAX,5373.8
1998-05-01,DAX,5312.28
1998-05-03,DAX,5262.57
1998-05-04,DAX,5144.42
1998-05-05,DAX,5002.71
1998-05-07,DAX,5110.88
1998-05-08,DAX,5083.8
1998-05-10,DAX,5241.23
1998-05-11,DAX,5241.23
1998-05-12,DAX,5337.75
1998-05-14,DAX,5226.2
1998-05-15,DAX,5264.62
1998-05-17,DAX,5164.89
1998-05-18,DAX,5270.61
1998-05-19,DAX,5348.75
1998-05-21,DAX,5307.82
1998-05-22,DAX,5371.99
1998-05-24,DAX,5374.11
1998-05-25,DAX,5414.31
1998-05-27,DAX,5343.66
1998-05-28,DAX,5441
1998-05-29,DAX,5514.51
1998-05-31,DAX,5514.51
1998-06-01,DAX,5530.19
1998-06-03,DAX,5592.46
1998-06-04,DAX,5639.89
1998-06-05,DAX,5466.88
1998-06-07,DAX,5507.36
1998-06-08,DAX,5556.99
1998-06-10,DAX,5556.99
1998-06-11,DAX,5583.83
1998-06-12,DAX,5640.42
1998-06-14,DAX,5605.38
1998-06-15,DAX,5724.75
1998-06-17,DAX,5787.05
1998-06-18,DAX,5773.77
1998-06-19,DAX,5799.22
1998-06-21,DAX,5799.22
1998-06-22,DAX,5631.34
1998-06-24,DAX,5581.24
1998-06-25,DAX,5621.71
1998-06-26,DAX,5742.83
1998-06-28,DAX,5689.89
1998-06-29,DAX,5644.22
1998-07-01,DAX,5648.11
1998-07-02,DAX,5748.34
1998-07-03,DAX,5784.4
1998-07-05,DAX,5886.72
1998-07-06,DAX,5870.49
1998-07-08,DAX,5933.73
1998-07-09,DAX,5841.83
1998-07-10,DAX,5910.51
1998-07-12,DAX,5905.15
1998-07-13,DAX,5961.45
1998-07-15,DAX,5942.06
1998-07-16,DAX,5975.88
1998-07-17,DAX,6018.89
1998-07-19,DAX,6000.84
1998-07-20,DAX,6001.24
1998-07-22,DAX,6023.31
1998-07-23,DAX,6101.9
1998-07-24,DAX,6106.1
1998-07-26,DAX,6108
1998-07-27,DAX,6162.86
1998-07-29,DAX,6186.09
1998-07-30,DAX,6184.1
1998-07-31,DAX,6081.11
1998-08-02,DAX,6043.82
1998-08-03,DAX,6040.58
1998-08-05,DAX,5854.35
1998-08-06,DAX,5867.52
1998-08-08,DAX,5828.74
1998-08-09,DAX,5906.33
1998-08-10,DAX,5861.19
1998-08-12,DAX,5774.38
1998-08-13,DAX,5718.7
1998-08-15,DAX,5614.77
1998-08-16,DAX,5528.12
1998-08-17,DAX,5598.32
1998-08-19,DAX,5460.43
1998-08-20,DAX,5285.78
1998-08-22,DAX,5386.94
1998-08-23,DAX,5355.03
1998-08-24,DAX,5473.72
1991-07-01,FTSE,2443.6
1991-07-02,FTSE,2460.2
1991-07-03,FTSE,2448.2
1991-07-05,FTSE,2470.4
1991-07-06,FTSE,2484.7
1991-07-08,FTSE,2466.8
1991-07-09,FTSE,2487.9
1991-07-10,FTSE,2508.4
1991-07-12,FTSE,2510.5
1991-07-13,FTSE,2497.4
1991-07-15,FTSE,2532.5
1991-07-16,FTSE,2556.8
1991-07-17,FTSE,2561
1991-07-19,FTSE,2547.3
1991-07-20,FTSE,2541.5
1991-07-22,FTSE,2558.5
1991-07-23,FTSE,2587.9
1991-07-24,FTSE,2580.5
1991-07-26,FTSE,2579.6
1991-07-27,FTSE,2589.3
1991-07-29,FTSE,2595
1991-07-30,FTSE,2595.6
1991-07-31,FTSE,2588.8
1991-08-02,FTSE,2591.7
1991-08-03,FTSE,2601.7
1991-08-05,FTSE,2585.4
1991-08-06,FTSE,2573.3
1991-08-08,FTSE,2597.4
1991-08-09,FTSE,2600.6
1991-08-10,FTSE,2570.6
1991-08-12,FTSE,2569.4
1991-08-13,FTSE,2584.9
1991-08-15,FTSE,2608.8
1991-08-16,FTSE,2617.2
1991-08-17,FTSE,2621
1991-08-19,FTSE,2540.5
1991-08-20,FTSE,2554.5
1991-08-22,FTSE,2601.9
1991-08-23,FTSE,2623
1991-08-24,FTSE,2640.7
1991-08-26,FTSE,2640.7
1991-08-27,FTSE,2619.8
1991-08-29,FTSE,2624.2
1991-08-30,FTSE,2638.2
1991-08-31,FTSE,2645.7
1991-09-02,FTSE,2679.6
1991-09-03,FTSE,2669
1991-09-05,FTSE,2664.6
1991-09-06,FTSE,2663.3
1991-09-07,FTSE,2667.4
1991-09-09,FTSE,2653.2
1991-09-10,FTSE,2630.8
1991-09-12,FTSE,2626.6
1991-09-13,FTSE,2641.9
1991-09-14,FTSE,2625.8
1991-09-16,FTSE,2606
1991-09-17,FTSE,2594.4
1991-09-19,FTSE,2583.6
1991-09-20,FTSE,2588.7
1991-09-21,FTSE,2600.3
1991-09-23,FTSE,2579.5
1991-09-24,FTSE,2576.6
1991-09-26,FTSE,2597.8
1991-09-27,FTSE,2595.6
1991-09-28,FTSE,2599
1991-09-30,FTSE,2621.7
1991-10-01,FTSE,2645.6
1991-10-03,FTSE,2644.2
1991-10-04,FTSE,2625.6
1991-10-05,FTSE,2624.6
1991-10-07,FTSE,2596.2
1991-10-08,FTSE,2599.5
1991-10-10,FTSE,2584.1
1991-10-11,FTSE,2570.8
1991-10-12,FTSE,2555
1991-10-14,FTSE,2574.5
1991-10-15,FTSE,2576.7
1991-10-17,FTSE,2579
1991-10-18,FTSE,2588.7
1991-10-19,FTSE,2601.1
1991-10-21,FTSE,2575.7
1991-10-22,FTSE,2559.5
1991-10-24,FTSE,2561.1
1991-10-25,FTSE,2528.3
1991-10-27,FTSE,2514.7
1991-10-28,FTSE,2558.5
1991-10-29,FTSE,2553.3
1991-10-31,FTSE,2577.1
1991-11-01,FTSE,2566
1991-11-03,FTSE,2549.5
1991-11-04,FTSE,2527.8
1991-11-05,FTSE,2540.9
1991-11-07,FTSE,2534.2
1991-11-08,FTSE,2538
1991-11-10,FTSE,2559
1991-11-11,FTSE,2554.9
1991-11-12,FTSE,2575.5
1991-11-14,FTSE,2546.5
1991-11-15,FTSE,2561.6
1991-11-17,FTSE,2546.6
1991-11-18,FTSE,2502.9
1991-11-19,FTSE,2463.1
1991-11-21,FTSE,2472.6
1991-11-22,FTSE,2463.5
1991-11-24,FTSE,2446.3
1991-11-25,FTSE,2456.2
1991-11-26,FTSE,2471.5
1991-11-28,FTSE,2447.5
1991-11-29,FTSE,2428.6
1991-12-01,FTSE,2420.2
1991-12-02,FTSE,2414.9
1991-12-03,FTSE,2420.2
1991-12-05,FTSE,2423.8
1991-12-06,FTSE,2407
1991-12-08,FTSE,2388.7
1991-12-09,FTSE,2409.6
1991-12-10,FTSE,2392
1991-12-12,FTSE,2380.2
1991-12-13,FTSE,2423.3
1991-12-15,FTSE,2451.6
1991-12-16,FTSE,2440.8
1991-12-17,FTSE,2432.9
1991-12-19,FTSE,2413.6
1991-12-20,FTSE,2391.6
1991-12-22,FTSE,2358.1
1991-12-23,FTSE,2345.4
1991-12-24,FTSE,2384.4
1991-12-26,FTSE,2384.4
1991-12-27,FTSE,2384.4
1991-12-29,FTSE,2418.7
1991-12-30,FTSE,2420
1992-01-01,FTSE,2493.1
1992-01-02,FTSE,2493.1
1992-01-03,FTSE,2492.8
1992-01-05,FTSE,2504.1
1992-01-06,FTSE,2493.2
1992-01-08,FTSE,2482.9
1992-01-09,FTSE,2467.1
1992-01-10,FTSE,2497.9
1992-01-12,FTSE,2477.9
1992-01-13,FTSE,2490.1
1992-01-15,FTSE,2516.3
1992-01-16,FTSE,2537.1
1992-01-17,FTSE,2541.6
1992-01-19,FTSE,2536.7
1992-01-20,FTSE,2544.9
1992-01-22,FTSE,2543.4
1992-01-23,FTSE,2522
1992-01-24,FTSE,2525.3
1992-01-26,FTSE,2510.4
1992-01-27,FTSE,2539.9
1992-01-29,FTSE,2552
1992-01-30,FTSE,2546.5
1992-01-31,FTSE,2550.8
1992-02-02,FTSE,2571.2
1992-02-03,FTSE,2560.2
1992-02-05,FTSE,2556.8
1992-02-06,FTSE,2547.1
1992-02-08,FTSE,2534.3
1992-02-09,FTSE,2517.2
1992-02-10,FTSE,2538.4
1992-02-12,FTSE,2537.1
1992-02-13,FTSE,2523.7
1992-02-15,FTSE,2522.6
1992-02-16,FTSE,2513.9
1992-02-17,FTSE,2541
1992-02-19,FTSE,2555.9
1992-02-20,FTSE,2536.7
1992-02-22,FTSE,2543.4
1992-02-23,FTSE,2542.3
1992-02-24,FTSE,2559.7
1992-02-26,FTSE,2546.8
1992-02-27,FTSE,2565
1992-02-29,FTSE,2562
1992-03-01,FTSE,2562.1
1992-03-02,FTSE,2554.3
1992-03-04,FTSE,2565.4
1992-03-05,FTSE,2558.4
1992-03-07,FTSE,2538.3
1992-03-08,FTSE,2533.1
1992-03-09,FTSE,2550.7
1992-03-11,FTSE,2574.8
1992-03-12,FTSE,2522.4
1992-03-14,FTSE,2493.3
1992-03-15,FTSE,2476
1992-03-17,FTSE,2470.7
1992-03-18,FTSE,2491.2
1992-03-19,FTSE,2464.7
1992-03-21,FTSE,2467.6
1992-03-22,FTSE,2456.6
1992-03-24,FTSE,2441
1992-03-25,FTSE,2458.7
1992-03-26,FTSE,2464.9
1992-03-28,FTSE,2472.2
1992-03-29,FTSE,2447.9
1992-03-31,FTSE,2452.9
1992-04-01,FTSE,2440.1
1992-04-02,FTSE,2408.6
1992-04-04,FTSE,2405.4
1992-04-05,FTSE,2382.7
1992-04-07,FTSE,2400.9
1992-04-08,FTSE,2404.2
1992-04-09,FTSE,2393.2
1992-04-11,FTSE,2436.4
1992-04-12,FTSE,2572.6
1992-04-14,FTSE,2591
1992-04-15,FTSE,2600.5
1992-04-16,FTSE,2640.2
1992-04-18,FTSE,2638.6
1992-04-19,FTSE,2638.6
1992-04-21,FTSE,2638.6
1992-04-22,FTSE,2625.8
1992-04-24,FTSE,2607.8
1992-04-25,FTSE,2609.8
1992-04-26,FTSE,2643
1992-04-28,FTSE,2658.2
1992-04-29,FTSE,2651
1992-05-01,FTSE,2664.9
1992-05-02,FTSE,2654.1
1992-05-03,FTSE,2659.8
1992-05-05,FTSE,2659.8
1992-05-06,FTSE,2662.2
1992-05-08,FTSE,2698.7
1992-05-09,FTSE,2701.9
1992-05-10,FTSE,2725.7
1992-05-12,FTSE,2737.8
1992-05-13,FTSE,2722.4
1992-05-15,FTSE,2720.5
1992-05-16,FTSE,2694.7
1992-05-17,FTSE,2682.6
1992-05-19,FTSE,2703.6
1992-05-20,FTSE,2700.6
1992-05-22,FTSE,2711.9
1992-05-23,FTSE,2702
1992-05-24,FTSE,2715
1992-05-26,FTSE,2715
1992-05-27,FTSE,2704.6
1992-05-29,FTSE,2698.6
1992-05-30,FTSE,2694.2
1992-06-01,FTSE,2707.6
1992-06-02,FTSE,2697.6
1992-06-03,FTSE,2705.9
1992-06-05,FTSE,2680.9
1992-06-06,FTSE,2681.9
1992-06-08,FTSE,2668.5
1992-06-09,FTSE,2645.8
1992-06-10,FTSE,2635.4
1992-06-12,FTSE,2636.1
1992-06-13,FTSE,2614.1
1992-06-15,FTSE,2603.7
1992-06-16,FTSE,2593.6
1992-06-17,FTSE,2616.3
1992-06-19,FTSE,2598.4
1992-06-20,FTSE,2562.7
1992-06-22,FTSE,2584.8
1992-06-23,FTSE,2550.3
1992-06-24,FTSE,2560.6
1992-06-26,FTSE,2532.6
1992-06-27,FTSE,2557.3
1992-06-29,FTSE,2534.1
1992-06-30,FTSE,2515.8
1992-07-02,FTSE,2521.2
1992-07-03,FTSE,2493.9
1992-07-04,FTSE,2476.1
1992-07-06,FTSE,2497.1
1992-07-07,FTSE,2469
1992-07-09,FTSE,2493.7
1992-07-10,FTSE,2472.6
1992-07-11,FTSE,2497.9
1992-07-13,FTSE,2490.8
1992-07-14,FTSE,2478.3
1992-07-16,FTSE,2484
1992-07-17,FTSE,2486.4
1992-07-18,FTSE,2483.4
1992-07-20,FTSE,2431.9
1992-07-21,FTSE,2403.7
1992-07-23,FTSE,2415.6
1992-07-24,FTSE,2387.9
1992-07-25,FTSE,2399.5
1992-07-27,FTSE,2377.2
1992-07-28,FTSE,2348
1992-07-30,FTSE,2373.4
1992-07-31,FTSE,2423.2
1992-08-01,FTSE,2411.6
1992-08-03,FTSE,2399.6
1992-08-04,FTSE,2420.2
1992-08-06,FTSE,2407.5
1992-08-07,FTSE,2392.8
1992-08-09,FTSE,2377.6
1992-08-10,FTSE,2350.1
1992-08-11,FTSE,2325.7
1992-08-13,FTSE,2309.6
1992-08-14,FTSE,2303.1
1992-08-16,FTSE,2318
1992-08-17,FTSE,2356.8
1992-08-18,FTSE,2376.1
1992-08-20,FTSE,2354.7
1992-08-21,FTSE,2363.5
1992-08-23,FTSE,2359.4
1992-08-24,FTSE,2365.7
1992-08-25,FTSE,2311.1
1992-08-27,FTSE,2281
1992-08-28,FTSE,2285
1992-08-30,FTSE,2311.6
1992-08-31,FTSE,2312.6
1992-09-01,FTSE,2312.6
1992-09-03,FTSE,2298.4
1992-09-04,FTSE,2313
1992-09-06,FTSE,2381.9
1992-09-07,FTSE,2362.2
1992-09-08,FTSE,2372.2
1992-09-10,FTSE,2337.7
1992-09-11,FTSE,2327.5
1992-09-13,FTSE,2340.6
1992-09-14,FTSE,2370.9
1992-09-16,FTSE,2422.1
1992-09-17,FTSE,2370
1992-09-18,FTSE,2378.3
1992-09-20,FTSE,2483.9
1992-09-21,FTSE,2567
1992-09-23,FTSE,2560.1
1992-09-24,FTSE,2586
1992-09-25,FTSE,2580.5
1992-09-27,FTSE,2621.2
1992-09-28,FTSE,2601
1992-09-30,FTSE,2560
1992-10-01,FTSE,2565.5
1992-10-02,FTSE,2553
1992-10-04,FTSE,2572.3
1992-10-05,FTSE,2549.7
1992-10-07,FTSE,2446.3
1992-10-08,FTSE,2488.4
1992-10-09,FTSE,2517.1
1992-10-11,FTSE,2538.8
1992-10-12,FTSE,2541.2
1992-10-14,FTSE,2557.2
1992-10-15,FTSE,2584.7
1992-10-16,FTSE,2574.7
1992-10-18,FTSE,2546.6
1992-10-19,FTSE,2563.9
1992-10-21,FTSE,2562.2
1992-10-22,FTSE,2617
1992-10-24,FTSE,2645.7
1992-10-25,FTSE,2658.1
1992-10-26,FTSE,2669.7
1992-10-28,FTSE,2661.6
1992-10-29,FTSE,2669.8
1992-10-31,FTSE,2650.4
1992-11-01,FTSE,2642.3
1992-11-02,FTSE,2658.3
1992-11-04,FTSE,2687.8
1992-11-05,FTSE,2705.6
1992-11-07,FTSE,2691.7
1992-11-08,FTSE,2711.1
1992-11-09,FTSE,2702.7
1992-11-11,FTSE,2695.4
1992-11-12,FTSE,2714.6
1992-11-14,FTSE,2696.8
1992-11-15,FTSE,2726.4
1992-11-16,FTSE,2697.5
1992-11-18,FTSE,2679.6
1992-11-19,FTSE,2679.2
1992-11-21,FTSE,2704
1992-11-22,FTSE,2706.2
1992-11-23,FTSE,2732.4
1992-11-25,FTSE,2722.9
1992-11-26,FTSE,2727.1
1992-11-28,FTSE,2709.6
1992-11-29,FTSE,2741.8
1992-12-01,FTSE,2760.1
1992-12-02,FTSE,2778.8
1992-12-03,FTSE,2792
1992-12-05,FTSE,2764.1
1992-12-06,FTSE,2771
1992-12-08,FTSE,2759.4
1992-12-09,FTSE,2754.5
1992-12-10,FTSE,2769.8
1992-12-12,FTSE,2750.7
1992-12-13,FTSE,2726.5
1992-12-15,FTSE,2716.2
1992-12-16,FTSE,2721.8
1992-12-17,FTSE,2717.9
1992-12-19,FTSE,2732.8
1992-12-20,FTSE,2740.3
1992-12-22,FTSE,2789.7
1992-12-23,FTSE,2807.7
1992-12-24,FTSE,2842
1992-12-26,FTSE,2827.4
1992-12-27,FTSE,2827.5
1992-12-29,FTSE,2827.5
1992-12-30,FTSE,2827.5
1993-01-01,FTSE,2847.8
1993-01-02,FTSE,2832.5
1993-01-03,FTSE,2846.5
1993-01-05,FTSE,2846.5
1993-01-06,FTSE,2861.5
1993-01-08,FTSE,2833.6
1993-01-09,FTSE,2826
1993-01-10,FTSE,2816.5
1993-01-12,FTSE,2799.2
1993-01-13,FTSE,2773.4
1993-01-15,FTSE,2757.9
1993-01-16,FTSE,2745.3
1993-01-17,FTSE,2759.2
1993-01-19,FTSE,2765.1
1993-01-20,FTSE,2763.1
1993-01-22,FTSE,2737.6
1993-01-23,FTSE,2748.7
1993-01-24,FTSE,2773.3
1993-01-26,FTSE,2781.2
1993-01-27,FTSE,2771.9
1993-01-29,FTSE,2835.7
1993-01-30,FTSE,2832.5
1993-01-31,FTSE,2816.9
1993-02-02,FTSE,2807.2
1993-02-03,FTSE,2851.6
1993-02-05,FTSE,2834.4
1993-02-06,FTSE,2873.8
1993-02-07,FTSE,2865.9
1993-02-09,FTSE,2862.9
1993-02-10,FTSE,2870
1993-02-12,FTSE,2831.3
1993-02-13,FTSE,2816.4
1993-02-14,FTSE,2834.3
1993-02-16,FTSE,2843
1993-02-17,FTSE,2845.9
1993-02-19,FTSE,2812.2
1993-02-20,FTSE,2814
1993-02-21,FTSE,2837.7
1993-02-23,FTSE,2840
1993-02-24,FTSE,2838.3
1993-02-26,FTSE,2818
1993-02-27,FTSE,2817
1993-02-28,FTSE,2828.7
1993-03-02,FTSE,2868
1993-03-03,FTSE,2882.6
1993-03-05,FTSE,2882.3
1993-03-06,FTSE,2918.6
1993-03-07,FTSE,2904.8
1993-03-09,FTSE,2916.6
1993-03-10,FTSE,2957.3
1993-03-12,FTSE,2949.9
1993-03-13,FTSE,2956.7
1993-03-15,FTSE,2953.4
1993-03-16,FTSE,2915.9
1993-03-17,FTSE,2922.4
1993-03-19,FTSE,2919.3
1993-03-20,FTSE,2889.9
1993-03-22,FTSE,2883.3
1993-03-23,FTSE,2900.1
1993-03-24,FTSE,2863.9
1993-03-26,FTSE,2861.1
1993-03-27,FTSE,2860.6
1993-03-29,FTSE,2852.8
1993-03-30,FTSE,2852.9
1993-03-31,FTSE,2846.5
1993-04-02,FTSE,2861
1993-04-03,FTSE,2878.7
1993-04-05,FTSE,2878.4
1993-04-06,FTSE,2869.9
1993-04-07,FTSE,2838.8
1993-04-09,FTSE,2832.2
1993-04-10,FTSE,2822.1
1993-04-12,FTSE,2821.8
1993-04-13,FTSE,2821.8
1993-04-14,FTSE,2821.8
1993-04-16,FTSE,2846.8
1993-04-17,FTSE,2842.1
1993-04-19,FTSE,2839.7
1993-04-20,FTSE,2824.4
1993-04-21,FTSE,2830
1993-04-23,FTSE,2856.1
1993-04-24,FTSE,2869.6
1993-04-26,FTSE,2881.1
1993-04-27,FTSE,2843.8
1993-04-28,FTSE,2822.3
1993-04-30,FTSE,2832.7
1993-05-01,FTSE,2797.3
1993-05-03,FTSE,2786.8
1993-05-04,FTSE,2813.1
1993-05-05,FTSE,2813.1
1993-05-07,FTSE,2812.6
1993-05-08,FTSE,2796.5
1993-05-10,FTSE,2786.3
1993-05-11,FTSE,2793.7
1993-05-12,FTSE,2829.7
1993-05-14,FTSE,2836.1
1993-05-15,FTSE,2860.8
1993-05-17,FTSE,2849.3
1993-05-18,FTSE,2847
1993-05-19,FTSE,2858.1
1993-05-21,FTSE,2847.3
1993-05-22,FTSE,2819.7
1993-05-24,FTSE,2816.8
1993-05-25,FTSE,2812.2
1993-05-27,FTSE,2825.6
1993-05-28,FTSE,2837.7
1993-05-29,FTSE,2846.9
1993-05-31,FTSE,2855.3
1993-06-01,FTSE,2840.7
1993-06-03,FTSE,2840.7
1993-06-04,FTSE,2849.2
1993-06-05,FTSE,2863
1993-06-07,FTSE,2852.8
1993-06-08,FTSE,2829.9
1993-06-10,FTSE,2844.8
1993-06-11,FTSE,2844.4
1993-06-12,FTSE,2866.9
1993-06-14,FTSE,2860
1993-06-15,FTSE,2861.8
1993-06-17,FTSE,2885.5
1993-06-18,FTSE,2870
1993-06-19,FTSE,2883
1993-06-21,FTSE,2875.7
1993-06-22,FTSE,2879.4
1993-06-24,FTSE,2903.4
1993-06-25,FTSE,2907.6
1993-06-26,FTSE,2900.7
1993-06-28,FTSE,2894.7
1993-06-29,FTSE,2887.5
1993-07-01,FTSE,2897
1993-07-02,FTSE,2886
1993-07-03,FTSE,2900
1993-07-05,FTSE,2888.8
1993-07-06,FTSE,2857.7
1993-07-08,FTSE,2838.5
1993-07-09,FTSE,2848.1
1993-07-10,FTSE,2848.3
1993-07-12,FTSE,2845.9
1993-07-13,FTSE,2843.2
1993-07-15,FTSE,2830.9
1993-07-16,FTSE,2837.1
1993-07-17,FTSE,2832.3
1993-07-19,FTSE,2831.7
1993-07-20,FTSE,2833
1993-07-22,FTSE,2842.9
1993-07-23,FTSE,2823.9
1993-07-24,FTSE,2814.1
1993-07-26,FTSE,2820.1
1993-07-27,FTSE,2827.7
1993-07-29,FTSE,2844.2
1993-07-30,FTSE,2879.4
1993-07-31,FTSE,2884.2
1993-08-02,FTSE,2917.6
1993-08-03,FTSE,2926.5
1993-08-05,FTSE,2941.7
1993-08-06,FTSE,2945
1993-08-08,FTSE,2941.3
1993-08-09,FTSE,2943.4
1993-08-10,FTSE,2969.8
1993-08-12,FTSE,2986.4
1993-08-13,FTSE,2971.6
1993-08-15,FTSE,3006.1
1993-08-16,FTSE,3009.1
1993-08-17,FTSE,3010.1
1993-08-19,FTSE,3008.3
1993-08-20,FTSE,3025
1993-08-22,FTSE,3073.6
1993-08-23,FTSE,3065.5
1993-08-24,FTSE,3057.6
1993-08-26,FTSE,3042
1993-08-27,FTSE,3049.3
1993-08-29,FTSE,3079.2
1993-08-30,FTSE,3079.2
1993-08-31,FTSE,3100.6
1993-09-02,FTSE,3100.6
1993-09-03,FTSE,3100
1993-09-05,FTSE,3085.1
1993-09-06,FTSE,3072.6
1993-09-07,FTSE,3057.3
1993-09-09,FTSE,3055.4
1993-09-10,FTSE,3038.6
1993-09-12,FTSE,3035.4
1993-09-13,FTSE,3031.2
1993-09-14,FTSE,3037
1993-09-16,FTSE,3024.8
1993-09-17,FTSE,3028
1993-09-19,FTSE,2989.4
1993-09-20,FTSE,3003.9
1993-09-21,FTSE,3005.5
1993-09-23,FTSE,3004.5
1993-09-24,FTSE,3001.6
1993-09-26,FTSE,3007.5
1993-09-27,FTSE,3001.3
1993-09-28,FTSE,3005.2
1993-09-30,FTSE,3026.3
1993-10-01,FTSE,3036.9
1993-10-03,FTSE,3030.1
1993-10-04,FTSE,3037.5
1993-10-05,FTSE,3039.3
1993-10-07,FTSE,3067.7
1993-10-08,FTSE,3085.2
1993-10-10,FTSE,3100.8
1993-10-11,FTSE,3092.4
1993-10-12,FTSE,3108.6
1993-10-14,FTSE,3102.2
1993-10-15,FTSE,3094.7
1993-10-17,FTSE,3080.9
1993-10-18,FTSE,3086.3
1993-10-20,FTSE,3120.8
1993-10-21,FTSE,3137.6
1993-10-22,FTSE,3129.6
1993-10-24,FTSE,3156.3
1993-10-25,FTSE,3188.3
1993-10-27,FTSE,3199
1993-10-28,FTSE,3184.8
1993-10-29,FTSE,3165.3
1993-10-31,FTSE,3154.3
1993-11-01,FTSE,3163
1993-11-03,FTSE,3171
1993-11-04,FTSE,3164.4
1993-11-05,FTSE,3164.1
1993-11-07,FTSE,3162.3
1993-11-08,FTSE,3149
1993-11-10,FTSE,3085.6
1993-11-11,FTSE,3077.6
1993-11-12,FTSE,3096
1993-11-14,FTSE,3098.5
1993-11-15,FTSE,3099.7
1993-11-17,FTSE,3099.1
1993-11-18,FTSE,3093.3
1993-11-19,FTSE,3097.5
1993-11-21,FTSE,3120
1993-11-22,FTSE,3125.5
1993-11-24,FTSE,3108
1993-11-25,FTSE,3070.6
1993-11-26,FTSE,3069.3
1993-11-28,FTSE,3067.2
1993-11-29,FTSE,3093.1
1993-12-01,FTSE,3111.4
1993-12-02,FTSE,3135.8
1993-12-03,FTSE,3166.9
1993-12-05,FTSE,3233.2
1993-12-06,FTSE,3223.9
1993-12-08,FTSE,3234.2
1993-12-09,FTSE,3237.3
1993-12-10,FTSE,3237.3
1993-12-12,FTSE,3277.4
1993-12-13,FTSE,3271.6
1993-12-15,FTSE,3261.3
1993-12-16,FTSE,3254.6
1993-12-17,FTSE,3248.4
1993-12-19,FTSE,3278.8
1993-12-20,FTSE,3311.2
1993-12-22,FTSE,3337.1
1993-12-23,FTSE,3364.9
1993-12-24,FTSE,3342.4
1993-12-26,FTSE,3355.7
1993-12-27,FTSE,3396.5
1993-12-29,FTSE,3412.3
1993-12-30,FTSE,3412.3
1994-01-01,FTSE,3412.3
1994-01-02,FTSE,3462
1994-01-03,FTSE,3428.8
1994-01-05,FTSE,3418.4
1994-01-06,FTSE,3418.4
1994-01-08,FTSE,3408.5
1994-01-09,FTSE,3379.2
1994-01-10,FTSE,3403
1994-01-12,FTSE,3446
1994-01-13,FTSE,3440.6
1994-01-15,FTSE,3413.8
1994-01-16,FTSE,3372
1994-01-17,FTSE,3360
1994-01-19,FTSE,3400.6
1994-01-20,FTSE,3407.8
1994-01-22,FTSE,3437
1994-01-23,FTSE,3475.1
1994-01-24,FTSE,3470
1994-01-26,FTSE,3484.2
1994-01-27,FTSE,3481.4
1994-01-29,FTSE,3444
1994-01-30,FTSE,3436.1
1994-01-31,FTSE,3427.3
1994-02-02,FTSE,3447.4
1994-02-03,FTSE,3491.8
1994-02-05,FTSE,3481.5
1994-02-06,FTSE,3520.3
1994-02-07,FTSE,3491.5
1994-02-09,FTSE,3475.4
1994-02-10,FTSE,3419.1
1994-02-12,FTSE,3440.2
1994-02-13,FTSE,3429.1
1994-02-14,FTSE,3407
1994-02-16,FTSE,3378.9
1994-02-17,FTSE,3363.5
1994-02-19,FTSE,3393.2
1994-02-20,FTSE,3417.7
1994-02-21,FTSE,3425.3
1994-02-23,FTSE,3382.6
1994-02-24,FTSE,3350.3
1994-02-26,FTSE,3333.7
1994-02-27,FTSE,3341.9
1994-02-28,FTSE,3267.5
1994-03-02,FTSE,3281.2
1994-03-03,FTSE,3328.1
1994-03-05,FTSE,3270.6
1994-03-06,FTSE,3248.1
1994-03-07,FTSE,3246.5
1994-03-09,FTSE,3278
1994-03-10,FTSE,3305.9
1994-03-12,FTSE,3264.4
1994-03-13,FTSE,3246.7
1994-03-15,FTSE,3233.9
1994-03-16,FTSE,3191.9
1994-03-17,FTSE,3233.4
1994-03-19,FTSE,3267.4
1994-03-20,FTSE,3242.9
1994-03-22,FTSE,3255.7
1994-03-23,FTSE,3218.1
1994-03-24,FTSE,3198
1994-03-26,FTSE,3201.5
1994-03-27,FTSE,3155.3
1994-03-29,FTSE,3121.7
1994-03-30,FTSE,3129
1994-03-31,FTSE,3129.5
1994-04-02,FTSE,3123.4
1994-04-03,FTSE,3092.4
1994-04-05,FTSE,3086.4
1994-04-06,FTSE,3086.4
1994-04-07,FTSE,3086.4
1994-04-09,FTSE,3116.2
1994-04-10,FTSE,3131.5
1994-04-12,FTSE,3129
1994-04-13,FTSE,3120.8
1994-04-14,FTSE,3149.4
1994-04-16,FTSE,3159.1
1994-04-17,FTSE,3145.8
1994-04-19,FTSE,3131.7
1994-04-20,FTSE,3168.3
1994-04-21,FTSE,3138.2
1994-04-23,FTSE,3128
1994-04-24,FTSE,3098.3
1994-04-26,FTSE,3101.2
1994-04-27,FTSE,3133.7
1994-04-28,FTSE,3106.1
1994-04-30,FTSE,3125.3
1994-05-01,FTSE,3150
1994-05-03,FTSE,3129.9
1994-05-04,FTSE,3125.3
1994-05-05,FTSE,3125.3
1994-05-07,FTSE,3100
1994-05-08,FTSE,3070.5
1994-05-10,FTSE,3106
1994-05-11,FTSE,3106
1994-05-12,FTSE,3097.8
1994-05-14,FTSE,3136.3
1994-05-15,FTSE,3130.5
1994-05-17,FTSE,3137.8
1994-05-18,FTSE,3119.2
1994-05-19,FTSE,3115.6
1994-05-21,FTSE,3123.5
1994-05-22,FTSE,3116.5
1994-05-24,FTSE,3122.8
1994-05-25,FTSE,3127.3
1994-05-27,FTSE,3108.4
1994-05-28,FTSE,3089.1
1994-05-29,FTSE,3020.7
1994-05-31,FTSE,3019.7
1994-06-01,FTSE,2966.4
1994-06-03,FTSE,2966.4
1994-06-04,FTSE,2970.5
1994-06-05,FTSE,2931.9
1994-06-07,FTSE,2980.8
1994-06-08,FTSE,2997.8
1994-06-10,FTSE,3009.4
1994-06-11,FTSE,3004.8
1994-06-12,FTSE,3038.2
1994-06-14,FTSE,3028.9
1994-06-15,FTSE,3055.9
1994-06-17,FTSE,3016.3
1994-06-18,FTSE,3039.6
1994-06-19,FTSE,3045.8
1994-06-21,FTSE,3030.1
1994-06-22,FTSE,3022.9
1994-06-24,FTSE,2971.1
1994-06-25,FTSE,2940.2
1994-06-26,FTSE,2960.4
1994-06-28,FTSE,2942.4
1994-06-29,FTSE,2876.6
1994-07-01,FTSE,2899.9
1994-07-02,FTSE,2909
1994-07-03,FTSE,2946.3
1994-07-05,FTSE,2919.2
1994-07-06,FTSE,2936.4
1994-07-08,FTSE,2970.4
1994-07-09,FTSE,2965
1994-07-10,FTSE,2946.7
1994-07-12,FTSE,2964.4
1994-07-13,FTSE,2962.4
1994-07-15,FTSE,2983.8
1994-07-16,FTSE,2963.9
1994-07-17,FTSE,3005.3
1994-07-19,FTSE,3050.4
1994-07-20,FTSE,3074.8
1994-07-22,FTSE,3082
1994-07-23,FTSE,3091.3
1994-07-24,FTSE,3077.2
1994-07-26,FTSE,3095.1
1994-07-27,FTSE,3114.7
1994-07-29,FTSE,3106.1
1994-07-30,FTSE,3117.2
1994-07-31,FTSE,3082.3
1994-08-02,FTSE,3095.9
1994-08-03,FTSE,3082.6
1994-08-05,FTSE,3097.4
1994-08-06,FTSE,3157.5
1994-08-08,FTSE,3160.4
1994-08-09,FTSE,3150.5
1994-08-10,FTSE,3167.5
1994-08-12,FTSE,3171.9
1994-08-13,FTSE,3168.6
1994-08-15,FTSE,3167
1994-08-16,FTSE,3138.2
1994-08-17,FTSE,3142.3
1994-08-19,FTSE,3142.2
1994-08-20,FTSE,3147.3
1994-08-22,FTSE,3190.3
1994-08-23,FTSE,3182.6
1994-08-24,FTSE,3191.4
1994-08-26,FTSE,3171.3
1994-08-27,FTSE,3175.1
1994-08-29,FTSE,3205.2
1994-08-30,FTSE,3234.2
1994-08-31,FTSE,3265.1
1994-09-02,FTSE,3265.1
1994-09-03,FTSE,3249.6
1994-09-05,FTSE,3251.3
1994-09-06,FTSE,3216.5
1994-09-07,FTSE,3222.7
1994-09-09,FTSE,3241.5
1994-09-10,FTSE,3205.4
1994-09-12,FTSE,3203.9
1994-09-13,FTSE,3180
1994-09-14,FTSE,3139.3
1994-09-16,FTSE,3128.8
1994-09-17,FTSE,3121.4
1994-09-19,FTSE,3079.8
1994-09-20,FTSE,3112.7
1994-09-21,FTSE,3065.1
1994-09-23,FTSE,3079.1
1994-09-24,FTSE,3037.3
1994-09-26,FTSE,3014.8
1994-09-27,FTSE,3021.2
1994-09-28,FTSE,3028.2
1994-09-30,FTSE,2999.8
1994-10-01,FTSE,3008.5
1994-10-03,FTSE,3038.7
1994-10-04,FTSE,2992.5
1994-10-05,FTSE,3026.3
1994-10-07,FTSE,2983.5
1994-10-08,FTSE,3001.8
1994-10-10,FTSE,2956.3
1994-10-11,FTSE,2984.4
1994-10-12,FTSE,2998.7
1994-10-14,FTSE,3032.3
1994-10-15,FTSE,3073
1994-10-17,FTSE,3100.5
1994-10-18,FTSE,3141.9
1994-10-20,FTSE,3106.7
1994-10-21,FTSE,3120.2
1994-10-22,FTSE,3085.3
1994-10-24,FTSE,3060.8
1994-10-25,FTSE,3063.2
1994-10-27,FTSE,3032.8
1994-10-28,FTSE,3029.1
1994-10-29,FTSE,3000.9
1994-10-31,FTSE,2999.9
1994-11-01,FTSE,3029.6
1994-11-03,FTSE,3083.8
1994-11-04,FTSE,3097.4
1994-11-05,FTSE,3096.3
1994-11-07,FTSE,3081.3
1994-11-08,FTSE,3104.4
1994-11-10,FTSE,3097.6
1994-11-11,FTSE,3065.8
1994-11-12,FTSE,3063.8
1994-11-14,FTSE,3099.6
1994-11-15,FTSE,3103.5
1994-11-17,FTSE,3075.9
1994-11-18,FTSE,3095.3
1994-11-19,FTSE,3135.4
1994-11-21,FTSE,3146.5
1994-11-22,FTSE,3127.5
1994-11-24,FTSE,3131
1994-11-25,FTSE,3121
1994-11-26,FTSE,3078.7
1994-11-28,FTSE,3027.5
1994-11-29,FTSE,3036.6
1994-12-01,FTSE,3033.5
1994-12-02,FTSE,3047.1
1994-12-03,FTSE,3061.1
1994-12-05,FTSE,3081.4
1994-12-06,FTSE,3039.6
1994-12-08,FTSE,3017.3
1994-12-09,FTSE,3033.5
1994-12-10,FTSE,3016.1
1994-12-12,FTSE,3012.5
1994-12-13,FTSE,3013.8
1994-12-15,FTSE,2977.3
1994-12-16,FTSE,2943.4
1994-12-17,FTSE,2946.4
1994-12-19,FTSE,2980.6
1994-12-20,FTSE,2973.4
1994-12-22,FTSE,3013.6
1994-12-23,FTSE,3034.4
1994-12-24,FTSE,3058.1
1994-12-26,FTSE,3070.4
1994-12-27,FTSE,3091.7
1994-12-29,FTSE,3083.4
1994-12-30,FTSE,3083.4
1995-01-01,FTSE,3083.4
1995-01-02,FTSE,3095.8
1995-01-03,FTSE,3065.6
1995-01-05,FTSE,3065.5
1995-01-06,FTSE,3065.5
1995-01-08,FTSE,3065.7
1995-01-09,FTSE,3051.6
1995-01-10,FTSE,3032.3
1995-01-12,FTSE,3065
1995-01-13,FTSE,3055.8
1995-01-15,FTSE,3060.4
1995-01-16,FTSE,3049.4
1995-01-17,FTSE,3033.2
1995-01-19,FTSE,3048.3
1995-01-20,FTSE,3076.7
1995-01-22,FTSE,3054
1995-01-23,FTSE,3054.9
1995-01-24,FTSE,3028.6
1995-01-26,FTSE,2995.9
1995-01-27,FTSE,2954.2
1995-01-29,FTSE,2969
1995-01-30,FTSE,2982.2
1995-01-31,FTSE,3007.3
1995-02-02,FTSE,3022.2
1995-02-03,FTSE,2995.9
1995-02-05,FTSE,2991.6
1995-02-06,FTSE,3017.3
1995-02-07,FTSE,3034.7
1995-02-09,FTSE,3059.7
1995-02-10,FTSE,3062
1995-02-12,FTSE,3072.7
1995-02-13,FTSE,3072.5
1995-02-14,FTSE,3099
1995-02-16,FTSE,3109.9
1995-02-17,FTSE,3081.1
1995-02-19,FTSE,3071.3
1995-02-20,FTSE,3074.9
1995-02-21,FTSE,3051.1
1995-02-23,FTSE,3044.2
1995-02-24,FTSE,3018.6
1995-02-26,FTSE,3023.4
1995-02-27,FTSE,3019.5
1995-02-28,FTSE,3049.3
1995-03-02,FTSE,3037.7
1995-03-03,FTSE,3025.3
1995-03-05,FTSE,3009.3
1995-03-06,FTSE,3041.2
1995-03-07,FTSE,3038.2
1995-03-09,FTSE,3025.1
1995-03-10,FTSE,3001.9
1995-03-12,FTSE,2977
1995-03-13,FTSE,2992.1
1995-03-15,FTSE,2986.9
1995-03-16,FTSE,3021.1
1995-03-17,FTSE,3011.8
1995-03-19,FTSE,3050.6
1995-03-20,FTSE,3047
1995-03-22,FTSE,3094.1
1995-03-23,FTSE,3089.3
1995-03-24,FTSE,3124.2
1995-03-26,FTSE,3135
1995-03-27,FTSE,3139.7
1995-03-29,FTSE,3136.4
1995-03-30,FTSE,3153.4
1995-03-31,FTSE,3149.8
1995-04-02,FTSE,3128.3
1995-04-03,FTSE,3142.3
1995-04-05,FTSE,3176.2
1995-04-06,FTSE,3137.9
1995-04-07,FTSE,3143.1
1995-04-09,FTSE,3188.1
1995-04-10,FTSE,3190.2
1995-04-12,FTSE,3200.9
1995-04-13,FTSE,3210.9
1995-04-14,FTSE,3204.2
1995-04-16,FTSE,3190.9
1995-04-17,FTSE,3209.8
1995-04-19,FTSE,3208.8
1995-04-20,FTSE,3208.8
1995-04-21,FTSE,3208.8
1995-04-23,FTSE,3194.5
1995-04-24,FTSE,3170.1
1995-04-26,FTSE,3174.7
1995-04-27,FTSE,3199.9
1995-04-28,FTSE,3209.3
1995-04-30,FTSE,3214.9
1995-05-01,FTSE,3226.2
1995-05-03,FTSE,3217.6
1995-05-04,FTSE,3216.7
1995-05-05,FTSE,3220.4
1995-05-07,FTSE,3248.2
1995-05-08,FTSE,3262.6
1995-05-10,FTSE,3264.3
1995-05-11,FTSE,3251.7
1995-05-12,FTSE,3251.7
1995-05-14,FTSE,3261.2
1995-05-15,FTSE,3290.1
1995-05-17,FTSE,3317.9
1995-05-18,FTSE,3310.3
1995-05-19,FTSE,3310.7
1995-05-21,FTSE,3300.8
1995-05-22,FTSE,3297.4
1995-05-24,FTSE,3285.8
1995-05-25,FTSE,3261
1995-05-27,FTSE,3284.5
1995-05-28,FTSE,3291.8
1995-05-29,FTSE,3327.3
1995-05-31,FTSE,3328.2
1995-06-01,FTSE,3311.1
1995-06-03,FTSE,3311.1
1995-06-04,FTSE,3309.9
1995-06-05,FTSE,3319.4
1995-06-07,FTSE,3340.6
1995-06-08,FTSE,3345
1995-06-10,FTSE,3376.6
1995-06-11,FTSE,3380
1995-06-12,FTSE,3370.8
1995-06-14,FTSE,3380.8
1995-06-15,FTSE,3337.7
1995-06-17,FTSE,3344.6
1995-06-18,FTSE,3348
1995-06-19,FTSE,3339.8
1995-06-21,FTSE,3370.4
1995-06-22,FTSE,3366.1
1995-06-24,FTSE,3381.3
1995-06-25,FTSE,3377.2
1995-06-26,FTSE,3378.3
1995-06-28,FTSE,3403.8
1995-06-29,FTSE,3379.4
1995-07-01,FTSE,3309.2
1995-07-02,FTSE,3313.2
1995-07-03,FTSE,3282.7
1995-07-05,FTSE,3294
1995-07-06,FTSE,3314.6
1995-07-08,FTSE,3323.7
1995-07-09,FTSE,3349.2
1995-07-10,FTSE,3394.9
1995-07-12,FTSE,3388.3
1995-07-13,FTSE,3462.9
1995-07-15,FTSE,3455
1995-07-16,FTSE,3464
1995-07-17,FTSE,3450.6
1995-07-19,FTSE,3447.2
1995-07-20,FTSE,3429.2
1995-07-22,FTSE,3442.6
1995-07-23,FTSE,3420.7
1995-07-24,FTSE,3405.3
1995-07-26,FTSE,3400.4
1995-07-27,FTSE,3413.1
1995-07-29,FTSE,3431.6
1995-07-30,FTSE,3432.9
1995-07-31,FTSE,3454.3
1995-08-02,FTSE,3458.3
1995-08-03,FTSE,3468.9
1995-08-05,FTSE,3463.3
1995-08-06,FTSE,3449.9
1995-08-08,FTSE,3499.9
1995-08-09,FTSE,3475.6
1995-08-10,FTSE,3482.4
1995-08-12,FTSE,3483.5
1995-08-13,FTSE,3468.8
1995-08-15,FTSE,3468.3
1995-08-16,FTSE,3474.7
1995-08-17,FTSE,3467.5
1995-08-19,FTSE,3441.4
1995-08-20,FTSE,3444.4
1995-08-22,FTSE,3465.1
1995-08-23,FTSE,3470.6
1995-08-24,FTSE,3509.8
1995-08-26,FTSE,3535.7
1995-08-27,FTSE,3530.2
1995-08-29,FTSE,3515.9
1995-08-30,FTSE,3520
1995-08-31,FTSE,3524.9
1995-09-02,FTSE,3524.9
1995-09-03,FTSE,3502.6
1995-09-05,FTSE,3504
1995-09-06,FTSE,3477.8
1995-09-07,FTSE,3509.4
1995-09-09,FTSE,3522.7
1995-09-10,FTSE,3532.4
1995-09-12,FTSE,3557.7
1995-09-13,FTSE,3545.6
1995-09-14,FTSE,3554.5
1995-09-16,FTSE,3549.3
1995-09-17,FTSE,3535.9
1995-09-19,FTSE,3570.8
1995-09-20,FTSE,3565.4
1995-09-21,FTSE,3564.6
1995-09-23,FTSE,3533.3
1995-09-24,FTSE,3541.4
1995-09-26,FTSE,3561.5
1995-09-27,FTSE,3557.9
1995-09-28,FTSE,3514.8
1995-09-30,FTSE,3507
1995-10-01,FTSE,3523.3
1995-10-03,FTSE,3485
1995-10-04,FTSE,3479
1995-10-05,FTSE,3508.2
1995-10-07,FTSE,3520.2
1995-10-08,FTSE,3524.2
1995-10-10,FTSE,3544.1
1995-10-11,FTSE,3544.4
1995-10-12,FTSE,3526.5
1995-10-14,FTSE,3510.3
1995-10-15,FTSE,3460.1
1995-10-17,FTSE,3474.3
1995-10-18,FTSE,3523.8
1995-10-20,FTSE,3568
1995-10-21,FTSE,3557.3
1995-10-22,FTSE,3562.2
1995-10-24,FTSE,3593
1995-10-25,FTSE,3578.6
1995-10-27,FTSE,3551.4
1995-10-28,FTSE,3531.5
1995-10-29,FTSE,3535.3
1995-10-31,FTSE,3537.8
1995-11-01,FTSE,3519.6
1995-11-03,FTSE,3497.9
1995-11-04,FTSE,3510
1995-11-05,FTSE,3529.1
1995-11-07,FTSE,3518.7
1995-11-08,FTSE,3523
1995-11-10,FTSE,3500.4
1995-11-11,FTSE,3514.8
1995-11-12,FTSE,3522.4
1995-11-14,FTSE,3537.1
1995-11-15,FTSE,3541.6
1995-11-17,FTSE,3523.4
1995-11-18,FTSE,3536.8
1995-11-19,FTSE,3547.9
1995-11-21,FTSE,3571.4
1995-11-22,FTSE,3610.8
1995-11-24,FTSE,3609.2
1995-11-25,FTSE,3628.8
1995-11-26,FTSE,3604.1
1995-11-28,FTSE,3632.4
1995-11-29,FTSE,3602.5
1995-12-01,FTSE,3624
1995-12-02,FTSE,3649
1995-12-03,FTSE,3648.8
1995-12-05,FTSE,3655.5
1995-12-06,FTSE,3664.3
1995-12-08,FTSE,3664.3
1995-12-09,FTSE,3669.7
1995-12-10,FTSE,3664.2
1995-12-12,FTSE,3662.8
1995-12-13,FTSE,3639.5
1995-12-15,FTSE,3630
1995-12-16,FTSE,3652.1
1995-12-17,FTSE,3654.9
1995-12-19,FTSE,3662.4
1995-12-20,FTSE,3671.6
1995-12-22,FTSE,3642.6
1995-12-23,FTSE,3596.1
1995-12-24,FTSE,3576.9
1995-12-26,FTSE,3613.7
1995-12-27,FTSE,3633.3
1995-12-29,FTSE,3658.3
1995-12-30,FTSE,3658.3
1996-01-01,FTSE,3658.3
1996-01-02,FTSE,3676.4
1996-01-03,FTSE,3676.7
1996-01-05,FTSE,3689.3
1996-01-06,FTSE,3689.3
1996-01-08,FTSE,3687.9
1996-01-09,FTSE,3715.6
1996-01-10,FTSE,3714.1
1996-01-12,FTSE,3704.5
1996-01-13,FTSE,3720.6
1996-01-15,FTSE,3720.6
1996-01-16,FTSE,3671.5
1996-01-17,FTSE,3654.9
1996-01-19,FTSE,3657.3
1996-01-20,FTSE,3662.7
1996-01-22,FTSE,3710.6
1996-01-23,FTSE,3704.2
1996-01-24,FTSE,3748.7
1996-01-26,FTSE,3748.4
1996-01-27,FTSE,3754.2
1996-01-29,FTSE,3735
1996-01-30,FTSE,3758.2
1996-01-31,FTSE,3734.2
1996-02-02,FTSE,3734.7
1996-02-03,FTSE,3734.6
1996-02-05,FTSE,3735.3
1996-02-06,FTSE,3759.3
1996-02-08,FTSE,3752.8
1996-02-09,FTSE,3781.3
1996-02-10,FTSE,3746.6
1996-02-12,FTSE,3747.5
1996-02-13,FTSE,3726.1
1996-02-15,FTSE,3708.4
1996-02-16,FTSE,3716.3
1996-02-17,FTSE,3726.6
1996-02-19,FTSE,3747.6
1996-02-20,FTSE,3745
1996-02-22,FTSE,3779.8
1996-02-23,FTSE,3770.9
1996-02-24,FTSE,3744.3
1996-02-26,FTSE,3714.6
1996-02-27,FTSE,3725.6
1996-02-29,FTSE,3740
1996-03-01,FTSE,3740.3
1996-03-02,FTSE,3704.2
1996-03-04,FTSE,3715.9
1996-03-05,FTSE,3738.2
1996-03-07,FTSE,3727.6
1996-03-08,FTSE,3752.7
1996-03-09,FTSE,3768.6
1996-03-11,FTSE,3777.1
1996-03-12,FTSE,3758.9
1996-03-14,FTSE,3758.2
1996-03-15,FTSE,3710.3
1996-03-17,FTSE,3674.5
1996-03-18,FTSE,3639.5
1996-03-19,FTSE,3640.3
1996-03-21,FTSE,3681.8
1996-03-22,FTSE,3644.8
1996-03-24,FTSE,3669.6
1996-03-25,FTSE,3693
1996-03-26,FTSE,3685.4
1996-03-28,FTSE,3698.3
1996-03-29,FTSE,3707
1996-03-31,FTSE,3681.9
1996-04-01,FTSE,3660.9
1996-04-02,FTSE,3672.4
1996-04-04,FTSE,3672.6
1996-04-05,FTSE,3699.7
1996-04-07,FTSE,3718.4
1996-04-08,FTSE,3728.5
1996-04-09,FTSE,3725.1
1996-04-11,FTSE,3755.6
1996-04-12,FTSE,3755.6
1996-04-14,FTSE,3755.6
1996-04-15,FTSE,3758.6
1996-04-16,FTSE,3767.4
1996-04-18,FTSE,3744.2
1996-04-19,FTSE,3766.8
1996-04-21,FTSE,3790.5
1996-04-22,FTSE,3825.3
1996-04-24,FTSE,3805.6
1996-04-25,FTSE,3820.7
1996-04-26,FTSE,3857.1
1996-04-28,FTSE,3852.7
1996-04-29,FTSE,3833
1996-05-01,FTSE,3817.6
1996-05-02,FTSE,3819.3
1996-05-03,FTSE,3832.8
1996-05-05,FTSE,3809.2
1996-05-06,FTSE,3817.9
1996-05-08,FTSE,3806
1996-05-09,FTSE,3776.4
1996-05-10,FTSE,3751.6
1996-05-12,FTSE,3751.6
1996-05-13,FTSE,3723
1996-05-15,FTSE,3707.3
1996-05-16,FTSE,3728.3
1996-05-17,FTSE,3754.4
1996-05-19,FTSE,3739.2
1996-05-20,FTSE,3759.7
1996-05-22,FTSE,3776.2
1996-05-23,FTSE,3753.6
1996-05-24,FTSE,3789.6
1996-05-26,FTSE,3778.2
1996-05-27,FTSE,3789.4
1996-05-29,FTSE,3764.2
1996-05-30,FTSE,3747
1996-06-01,FTSE,3752.1
1996-06-02,FTSE,3752.1
1996-06-03,FTSE,3760.2
1996-06-05,FTSE,3775.7
1996-06-06,FTSE,3746.7
1996-06-08,FTSE,3747.8
1996-06-09,FTSE,3739.2
1996-06-10,FTSE,3755.2
1996-06-12,FTSE,3753.4
1996-06-13,FTSE,3760.3
1996-06-15,FTSE,3706.8
1996-06-16,FTSE,3728.8
1996-06-17,FTSE,3755.7
1996-06-19,FTSE,3769.2
1996-06-20,FTSE,3761.7
1996-06-22,FTSE,3753.6
1996-06-23,FTSE,3761.5
1996-06-24,FTSE,3756.4
1996-06-26,FTSE,3753.2
1996-06-27,FTSE,3727.5
1996-06-29,FTSE,3722.3
1996-06-30,FTSE,3710.8
1996-07-02,FTSE,3679.5
1996-07-03,FTSE,3695.5
1996-07-04,FTSE,3678.8
1996-07-06,FTSE,3711
1996-07-07,FTSE,3725.6
1996-07-09,FTSE,3725.7
1996-07-10,FTSE,3714.1
1996-07-11,FTSE,3760.6
1996-07-13,FTSE,3743.2
1996-07-14,FTSE,3741.5
1996-07-16,FTSE,3752.3
1996-07-17,FTSE,3765.8
1996-07-18,FTSE,3749
1996-07-20,FTSE,3728.3
1996-07-21,FTSE,3698.3
1996-07-23,FTSE,3632.3
1996-07-24,FTSE,3658.2
1996-07-25,FTSE,3693.4
1996-07-27,FTSE,3710.5
1996-07-28,FTSE,3681.3
1996-07-30,FTSE,3708.4
1996-07-31,FTSE,3668.8
1996-08-01,FTSE,3684.7
1996-08-03,FTSE,3673.3
1996-08-04,FTSE,3678.8
1996-08-06,FTSE,3668.5
1996-08-07,FTSE,3703.2
1996-08-09,FTSE,3734.4
1996-08-10,FTSE,3770.6
1996-08-11,FTSE,3788.3
1996-08-13,FTSE,3788.4
1996-08-14,FTSE,3811.1
1996-08-16,FTSE,3811.4
1996-08-17,FTSE,3810.7
1996-08-18,FTSE,3803.3
1996-08-20,FTSE,3823.4
1996-08-21,FTSE,3830.3
1996-08-23,FTSE,3837.4
1996-08-24,FTSE,3872.9
1996-08-25,FTSE,3863.7
1996-08-27,FTSE,3883.2
1996-08-28,FTSE,3872.1
1996-08-30,FTSE,3891.1
1996-08-31,FTSE,3907.5
1996-09-01,FTSE,3907.5
1996-09-03,FTSE,3905.7
1996-09-04,FTSE,3918.7
1996-09-06,FTSE,3885
1996-09-07,FTSE,3867.6
1996-09-08,FTSE,3884.4
1996-09-10,FTSE,3855.9
1996-09-11,FTSE,3872.7
1996-09-13,FTSE,3887.2
1996-09-14,FTSE,3893
1996-09-16,FTSE,3910.8
1996-09-17,FTSE,3916.1
1996-09-18,FTSE,3905.6
1996-09-20,FTSE,3932.6
1996-09-21,FTSE,3967.9
1996-09-23,FTSE,3977.2
1996-09-24,FTSE,3972.3
1996-09-25,FTSE,3955.7
1996-09-27,FTSE,3974.3
1996-09-28,FTSE,3964.1
1996-09-30,FTSE,3919.7
1996-10-01,FTSE,3910.5
1996-10-02,FTSE,3935.7
1996-10-04,FTSE,3933.2
1996-10-05,FTSE,3946.4
1996-10-07,FTSE,3953.7
1996-10-08,FTSE,3992.2
1996-10-09,FTSE,4015.1
1996-10-11,FTSE,4000
1996-10-12,FTSE,4024.8
1996-10-14,FTSE,4031.5
1996-10-15,FTSE,4035.6
1996-10-16,FTSE,4009.3
1996-10-18,FTSE,3994.7
1996-10-19,FTSE,4028.1
1996-10-21,FTSE,4038.7
1996-10-22,FTSE,4050.8
1996-10-24,FTSE,4024.4
1996-10-25,FTSE,4042.1
1996-10-26,FTSE,4053.1
1996-10-28,FTSE,4073.1
1996-10-29,FTSE,4057.2
1996-10-31,FTSE,4028.4
1996-11-01,FTSE,3999.4
1996-11-02,FTSE,4022.4
1996-11-04,FTSE,4025.3
1996-11-05,FTSE,3993.5
1996-11-07,FTSE,3963.9
1996-11-08,FTSE,3979.1
1996-11-09,FTSE,3948.5
1996-11-11,FTSE,3928.1
1996-11-12,FTSE,3921.1
1996-11-14,FTSE,3935.7
1996-11-15,FTSE,3900.4
1996-11-16,FTSE,3910.8
1996-11-18,FTSE,3914.4
1996-11-19,FTSE,3934.3
1996-11-21,FTSE,3926.9
1996-11-22,FTSE,3926.1
1996-11-23,FTSE,3958.2
1996-11-25,FTSE,3962.1
1996-11-26,FTSE,3978.1
1996-11-28,FTSE,3962.8
1996-11-29,FTSE,3953.8
1996-12-01,FTSE,4018.7
1996-12-02,FTSE,4054.6
1996-12-03,FTSE,4068.4
1996-12-05,FTSE,4049.2
1996-12-06,FTSE,4050.2
1996-12-08,FTSE,4058
1996-12-09,FTSE,4038.5
1996-12-10,FTSE,4061.5
1996-12-12,FTSE,4045.2
1996-12-13,FTSE,4051.2
1996-12-15,FTSE,3963
1996-12-16,FTSE,4011.6
1996-12-17,FTSE,4035.7
1996-12-19,FTSE,3982.5
1996-12-20,FTSE,3990.7
1996-12-22,FTSE,3972.4
1996-12-23,FTSE,3993.8
1996-12-24,FTSE,3979.6
1996-12-26,FTSE,4018.2
1996-12-27,FTSE,4051.3
1996-12-29,FTSE,4077.6
1996-12-30,FTSE,4087.2
1997-01-01,FTSE,4092.5
1997-01-02,FTSE,4092.5
1997-01-03,FTSE,4092.5
1997-01-05,FTSE,4091
1997-01-06,FTSE,4115.7
1997-01-08,FTSE,4118.5
1997-01-09,FTSE,4118.5
1997-01-10,FTSE,4057.4
1997-01-12,FTSE,4089.5
1997-01-13,FTSE,4106.5
1997-01-15,FTSE,4078.8
1997-01-16,FTSE,4087.5
1997-01-17,FTSE,4087
1997-01-19,FTSE,4056.6
1997-01-20,FTSE,4107.3
1997-01-22,FTSE,4168.2
1997-01-23,FTSE,4158.9
1997-01-24,FTSE,4197.5
1997-01-26,FTSE,4207.7
1997-01-27,FTSE,4194
1997-01-29,FTSE,4195.5
1997-01-30,FTSE,4219.1
1997-01-31,FTSE,4219.1
1997-02-02,FTSE,4218.8
1997-02-03,FTSE,4212
1997-02-05,FTSE,4237.4
1997-02-06,FTSE,4207.5
1997-02-07,FTSE,4228.4
1997-02-09,FTSE,4275.8
1997-02-10,FTSE,4257.8
1997-02-12,FTSE,4260.9
1997-02-13,FTSE,4281.5
1997-02-14,FTSE,4265.9
1997-02-16,FTSE,4307.8
1997-02-17,FTSE,4307.7
1997-02-19,FTSE,4304.3
1997-02-20,FTSE,4304.3
1997-02-21,FTSE,4327.1
1997-02-23,FTSE,4341
1997-02-24,FTSE,4337.8
1997-02-26,FTSE,4332.3
1997-02-27,FTSE,4357.4
1997-02-28,FTSE,4356.1
1997-03-02,FTSE,4336.8
1997-03-03,FTSE,4331.1
1997-03-05,FTSE,4344.7
1997-03-06,FTSE,4329.3
1997-03-07,FTSE,4339.2
1997-03-09,FTSE,4308.3
1997-03-10,FTSE,4307.1
1997-03-12,FTSE,4357.7
1997-03-13,FTSE,4360.1
1997-03-15,FTSE,4399.3
1997-03-16,FTSE,4420.3
1997-03-17,FTSE,4437.4
1997-03-19,FTSE,4444.3
1997-03-20,FTSE,4422.5
1997-03-22,FTSE,4397.7
1997-03-23,FTSE,4424.3
1997-03-24,FTSE,4373.3
1997-03-26,FTSE,4356.8
1997-03-27,FTSE,4332.2
1997-03-29,FTSE,4258.1
1997-03-30,FTSE,4254.8
1997-03-31,FTSE,4214.8
1997-04-02,FTSE,4270.7
1997-04-03,FTSE,4301.5
1997-04-05,FTSE,4312.9
1997-04-06,FTSE,4312.9
1997-04-07,FTSE,4312.9
1997-04-09,FTSE,4248.1
1997-04-10,FTSE,4236.6
1997-04-12,FTSE,4214.6
1997-04-13,FTSE,4236.6
1997-04-14,FTSE,4271.7
1997-04-16,FTSE,4269.3
1997-04-17,FTSE,4292.3
1997-04-19,FTSE,4313.2
1997-04-20,FTSE,4270.7
1997-04-21,FTSE,4251.7
1997-04-23,FTSE,4286.8
1997-04-24,FTSE,4294.6
1997-04-26,FTSE,4298.9
1997-04-27,FTSE,4310.5
1997-04-28,FTSE,4328.7
1997-04-30,FTSE,4346.1
1997-05-01,FTSE,4387.7
1997-05-03,FTSE,4388.5
1997-05-04,FTSE,4369.7
1997-05-05,FTSE,4389.7
1997-05-07,FTSE,4433.2
1997-05-08,FTSE,4436
1997-05-10,FTSE,4445
1997-05-11,FTSE,4455.6
1997-05-12,FTSE,4455.6
1997-05-14,FTSE,4519.3
1997-05-15,FTSE,4537.5
1997-05-17,FTSE,4580.4
1997-05-18,FTSE,4630.9
1997-05-19,FTSE,4669.6
1997-05-21,FTSE,4691
1997-05-22,FTSE,4686.9
1997-05-24,FTSE,4681.2
1997-05-25,FTSE,4693.9
1997-05-27,FTSE,4645.2
1997-05-28,FTSE,4607.5
1997-05-29,FTSE,4642
1997-05-31,FTSE,4651.8
1997-06-01,FTSE,4661.8
1997-06-03,FTSE,4661.8
1997-06-04,FTSE,4681.6
1997-06-05,FTSE,4677.5
1997-06-07,FTSE,4672.3
1997-06-08,FTSE,4621.3
1997-06-10,FTSE,4562.8
1997-06-11,FTSE,4557.8
1997-06-12,FTSE,4557.1
1997-06-14,FTSE,4576.2
1997-06-15,FTSE,4645
1997-06-17,FTSE,4686.7
1997-06-18,FTSE,4739.6
1997-06-19,FTSE,4724.8
1997-06-21,FTSE,4757.4
1997-06-22,FTSE,4783.1
1997-06-24,FTSE,4745.1
1997-06-25,FTSE,4682.2
1997-06-26,FTSE,4657
1997-06-28,FTSE,4653.7
1997-06-29,FTSE,4593.9
1997-07-01,FTSE,4575.8
1997-07-02,FTSE,4596.3
1997-07-03,FTSE,4640
1997-07-05,FTSE,4657.9
1997-07-06,FTSE,4640.3
1997-07-08,FTSE,4604.6
1997-07-09,FTSE,4728.3
1997-07-10,FTSE,4751.4
1997-07-12,FTSE,4831.7
1997-07-13,FTSE,4812.8
1997-07-15,FTSE,4810.7
1997-07-16,FTSE,4758.5
1997-07-17,FTSE,4762.4
1997-07-19,FTSE,4767.8
1997-07-20,FTSE,4799.5
1997-07-22,FTSE,4857.4
1997-07-23,FTSE,4899.3
1997-07-24,FTSE,4964.2
1997-07-26,FTSE,4949
1997-07-27,FTSE,4877.2
1997-07-29,FTSE,4805.7
1997-07-30,FTSE,4846.7
1997-07-31,FTSE,4874.5
1997-08-02,FTSE,4862.9
1997-08-03,FTSE,4851.5
1997-08-05,FTSE,4862.6
1997-08-06,FTSE,4876.6
1997-08-08,FTSE,4927.3
1997-08-09,FTSE,4907.5
1997-08-10,FTSE,4899.3
1997-08-12,FTSE,4895.7
1997-08-13,FTSE,4960.6
1997-08-15,FTSE,5026.2
1997-08-16,FTSE,5086.8
1997-08-17,FTSE,5031.3
1997-08-19,FTSE,5031.9
1997-08-20,FTSE,5075.8
1997-08-22,FTSE,5003.6
1997-08-23,FTSE,4991.3
1997-08-24,FTSE,4865.8
1997-08-26,FTSE,4835
1997-08-27,FTSE,4914.2
1997-08-29,FTSE,4958.4
1997-08-30,FTSE,4978
1997-08-31,FTSE,4901.1
1997-09-02,FTSE,4901.1
1997-09-03,FTSE,4886.3
1997-09-05,FTSE,4906.9
1997-09-06,FTSE,4845.4
1997-09-07,FTSE,4817.5
1997-09-09,FTSE,4870.2
1997-09-10,FTSE,4952.2
1997-09-12,FTSE,4976.9
1997-09-13,FTSE,4991.3
1997-09-14,FTSE,4994.2
1997-09-16,FTSE,4985.2
1997-09-17,FTSE,4950.5
1997-09-19,FTSE,4905.2
1997-09-20,FTSE,4854.8
1997-09-21,FTSE,4848.2
1997-09-23,FTSE,4902.9
1997-09-24,FTSE,4976.4
1997-09-26,FTSE,5013.1
1997-09-27,FTSE,5046.2
1997-09-28,FTSE,5023.8
1997-09-30,FTSE,5075.7
1997-10-01,FTSE,5027.5
1997-10-03,FTSE,5077.2
1997-10-04,FTSE,5065.5
1997-10-05,FTSE,5226.3
1997-10-07,FTSE,5220.3
1997-10-08,FTSE,5244.2
1997-10-10,FTSE,5317.1
1997-10-11,FTSE,5296.1
1997-10-12,FTSE,5330.8
1997-10-14,FTSE,5300
1997-10-15,FTSE,5305.6
1997-10-17,FTSE,5262.1
1997-10-18,FTSE,5217.8
1997-10-20,FTSE,5227.3
1997-10-21,FTSE,5300.1
1997-10-22,FTSE,5298.9
1997-10-24,FTSE,5263.7
1997-10-25,FTSE,5287.9
1997-10-27,FTSE,5271.1
1997-10-28,FTSE,5211
1997-10-29,FTSE,5225.9
1997-10-31,FTSE,5148.8
1997-11-01,FTSE,4991.5
1997-11-03,FTSE,4970.2
1997-11-04,FTSE,4840.7
1997-11-05,FTSE,4755.4
1997-11-07,FTSE,4871.8
1997-11-08,FTSE,4801.9
1997-11-10,FTSE,4842.3
1997-11-11,FTSE,4906.4
1997-11-12,FTSE,4897.4
1997-11-14,FTSE,4908.3
1997-11-15,FTSE,4863.8
1997-11-17,FTSE,4764.3
1997-11-18,FTSE,4806.8
1997-11-19,FTSE,4793.7
1997-11-21,FTSE,4720.4
1997-11-22,FTSE,4711
1997-11-24,FTSE,4741.8
1997-11-25,FTSE,4867
1997-11-26,FTSE,4845.4
1997-11-28,FTSE,4830.1
1997-11-29,FTSE,4908.4
1997-12-01,FTSE,4985.8
1997-12-02,FTSE,4898.6
1997-12-03,FTSE,4863.5
1997-12-05,FTSE,4891.2
1997-12-06,FTSE,4889
1997-12-08,FTSE,4831.8
1997-12-09,FTSE,4921.8
1997-12-10,FTSE,4977.6
1997-12-12,FTSE,4970.7
1997-12-13,FTSE,5082.3
1997-12-15,FTSE,5142.9
1997-12-16,FTSE,5187.4
1997-12-17,FTSE,5177.1
1997-12-19,FTSE,5130.7
1997-12-20,FTSE,5035.9
1997-12-22,FTSE,5045.2
1997-12-23,FTSE,5121.8
1997-12-24,FTSE,5203.4
1997-12-26,FTSE,5190.8
1997-12-27,FTSE,5168.3
1997-12-29,FTSE,5020.2
1997-12-30,FTSE,5018.2
1998-01-01,FTSE,5049.8
1998-01-02,FTSE,5013.9
1998-01-03,FTSE,5013.9
1998-01-05,FTSE,5013.9
1998-01-06,FTSE,5112.4
1998-01-08,FTSE,5132.3
1998-01-09,FTSE,5135.5
1998-01-10,FTSE,5135.5
1998-01-12,FTSE,5193.5
1998-01-13,FTSE,5262.5
1998-01-15,FTSE,5264.4
1998-01-16,FTSE,5224.1
1998-01-17,FTSE,5237.1
1998-01-19,FTSE,5138.3
1998-01-20,FTSE,5068.8
1998-01-22,FTSE,5083.9
1998-01-23,FTSE,5106.9
1998-01-24,FTSE,5165.8
1998-01-26,FTSE,5263.1
1998-01-27,FTSE,5273.6
1998-01-29,FTSE,5278.2
1998-01-30,FTSE,5272.3
1998-01-31,FTSE,5253.1
1998-02-02,FTSE,5181.4
1998-02-03,FTSE,5237.2
1998-02-05,FTSE,5326.3
1998-02-06,FTSE,5372.6
1998-02-07,FTSE,5422.4
1998-02-09,FTSE,5458.5
1998-02-10,FTSE,5599
1998-02-12,FTSE,5612.8
1998-02-13,FTSE,5595.8
1998-02-14,FTSE,5606.4
1998-02-16,FTSE,5629.7
1998-02-17,FTSE,5600.9
1998-02-19,FTSE,5613.3
1998-02-20,FTSE,5607.9
1998-02-21,FTSE,5552.5
1998-02-23,FTSE,5582.3
1998-02-24,FTSE,5619.9
1998-02-26,FTSE,5709.5
1998-02-27,FTSE,5723.4
1998-02-28,FTSE,5718.5
1998-03-02,FTSE,5718.5
1998-03-03,FTSE,5702.8
1998-03-05,FTSE,5651
1998-03-06,FTSE,5745.1
1998-03-07,FTSE,5764.8
1998-03-09,FTSE,5767.3
1998-03-10,FTSE,5820.6
1998-03-12,FTSE,5807.7
1998-03-13,FTSE,5733.1
1998-03-15,FTSE,5695.6
1998-03-16,FTSE,5782.9
1998-03-17,FTSE,5818.9
1998-03-19,FTSE,5828.5
1998-03-20,FTSE,5829.8
1998-03-22,FTSE,5794.8
1998-03-23,FTSE,5782.3
1998-03-24,FTSE,5785.1
1998-03-26,FTSE,5834.9
1998-03-27,FTSE,5903.6
1998-03-29,FTSE,5997.9
1998-03-30,FTSE,5956.3
1998-03-31,FTSE,5947
1998-04-02,FTSE,5983.7
1998-04-03,FTSE,5967.8
1998-04-05,FTSE,5905.6
1998-04-06,FTSE,5939.3
1998-04-07,FTSE,5911.9
1998-04-09,FTSE,5932.2
1998-04-10,FTSE,6017.6
1998-04-12,FTSE,6052.8
1998-04-13,FTSE,6064.2
1998-04-14,FTSE,6105.8
1998-04-16,FTSE,6094
1998-04-17,FTSE,6055.2
1998-04-19,FTSE,6105.5
1998-04-20,FTSE,6105.5
1998-04-21,FTSE,6105.5
1998-04-23,FTSE,6104.1
1998-04-24,FTSE,6074.1
1998-04-26,FTSE,6002
1998-04-27,FTSE,5922.2
1998-04-28,FTSE,5954.1
1998-04-30,FTSE,5955
1998-05-01,FTSE,5931.1
1998-05-03,FTSE,5898.1
1998-05-04,FTSE,5863.9
1998-05-05,FTSE,5722.4
1998-05-07,FTSE,5806.6
1998-05-08,FTSE,5833.1
1998-05-10,FTSE,5928.3
1998-05-11,FTSE,6011.3
1998-05-12,FTSE,6011.3
1998-05-14,FTSE,5986.5
1998-05-15,FTSE,5992.4
1998-05-17,FTSE,5938
1998-05-18,FTSE,5969.8
1998-05-19,FTSE,6028.3
1998-05-21,FTSE,5956.7
1998-05-22,FTSE,5972.9
1998-05-24,FTSE,5948.5
1998-05-25,FTSE,5917.8
1998-05-27,FTSE,5826.2
1998-05-28,FTSE,5877.8
1998-05-29,FTSE,5907.4
1998-05-31,FTSE,5935.6
1998-06-01,FTSE,5955.6
1998-06-03,FTSE,5955.6
1998-06-04,FTSE,5970.7
1998-06-05,FTSE,5870.2
1998-06-07,FTSE,5862.3
1998-06-08,FTSE,5870.7
1998-06-10,FTSE,5837.9
1998-06-11,FTSE,5842.3
1998-06-12,FTSE,5898.4
1998-06-14,FTSE,5860.8
1998-06-15,FTSE,5947.3
1998-06-17,FTSE,6037.8
1998-06-18,FTSE,6019.8
1998-06-19,FTSE,5987.4
1998-06-21,FTSE,5852.5
1998-06-22,FTSE,5769.8
1998-06-24,FTSE,5715.7
1998-06-25,FTSE,5729.7
1998-06-26,FTSE,5832.7
1998-06-28,FTSE,5812.1
1998-06-29,FTSE,5748.1
1998-07-01,FTSE,5712.4
1998-07-02,FTSE,5772
1998-07-03,FTSE,5804.9
1998-07-05,FTSE,5858.9
1998-07-06,FTSE,5877.4
1998-07-08,FTSE,5884.5
1998-07-09,FTSE,5832.5
1998-07-10,FTSE,5919.9
1998-07-12,FTSE,5960.2
1998-07-13,FTSE,5988.4
1998-07-15,FTSE,5990.3
1998-07-16,FTSE,6003.4
1998-07-17,FTSE,6009.6
1998-07-19,FTSE,5969.7
1998-07-20,FTSE,5927.9
1998-07-22,FTSE,5958.2
1998-07-23,FTSE,6100.2
1998-07-24,FTSE,6151.5
1998-07-26,FTSE,6116.8
1998-07-27,FTSE,6174
1998-07-29,FTSE,6179
1998-07-30,FTSE,6132.7
1998-07-31,FTSE,5989.6
1998-08-02,FTSE,5976.2
1998-08-03,FTSE,5892.3
1998-08-05,FTSE,5836.1
1998-08-06,FTSE,5835.8
1998-08-08,FTSE,5844.1
1998-08-09,FTSE,5910.7
1998-08-10,FTSE,5837
1998-08-12,FTSE,5809.7
1998-08-13,FTSE,5736.1
1998-08-15,FTSE,5632.5
1998-08-16,FTSE,5594.1
1998-08-17,FTSE,5680.4
1998-08-19,FTSE,5587.6
1998-08-20,FTSE,5432.8
1998-08-22,FTSE,5462.2
1998-08-23,FTSE,5399.5
1998-08-24,FTSE,5455
1991-07-01,SMI,1678.1
1991-07-02,SMI,1688.5
1991-07-03,SMI,1678.6
1991-07-05,SMI,1684.1
1991-07-06,SMI,1686.6
1991-07-08,SMI,1671.6
1991-07-09,SMI,1682.9
1991-07-10,SMI,1703.6
1991-07-12,SMI,1697.5
1991-07-13,SMI,1716.3
1991-07-15,SMI,1723.8
1991-07-16,SMI,1730.5
1991-07-17,SMI,1727.4
1991-07-19,SMI,1733.3
1991-07-20,SMI,1734
1991-07-22,SMI,1728.3
1991-07-23,SMI,1737.1
1991-07-24,SMI,1723.1
1991-07-26,SMI,1723.6
1991-07-27,SMI,1719
1991-07-29,SMI,1721.2
1991-07-30,SMI,1725.3
1991-07-31,SMI,1727.2
1991-08-02,SMI,1727.2
1991-08-03,SMI,1731.6
1991-08-05,SMI,1724.1
1991-08-06,SMI,1716.9
1991-08-08,SMI,1723.4
1991-08-09,SMI,1723
1991-08-10,SMI,1728.4
1991-08-12,SMI,1722.1
1991-08-13,SMI,1724.5
1991-08-15,SMI,1733.6
1991-08-16,SMI,1739
1991-08-17,SMI,1726.2
1991-08-19,SMI,1587.4
1991-08-20,SMI,1630.6
1991-08-22,SMI,1685.5
1991-08-23,SMI,1701.3
1991-08-24,SMI,1718
1991-08-26,SMI,1726.2
1991-08-27,SMI,1716.6
1991-08-29,SMI,1725.8
1991-08-30,SMI,1737.4
1991-08-31,SMI,1736.6
1991-09-02,SMI,1732.4
1991-09-03,SMI,1731.2
1991-09-05,SMI,1726.9
1991-09-06,SMI,1727.8
1991-09-07,SMI,1720.2
1991-09-09,SMI,1715.4
1991-09-10,SMI,1708.7
1991-09-12,SMI,1713
1991-09-13,SMI,1713.5
1991-09-14,SMI,1718
1991-09-16,SMI,1701.7
1991-09-17,SMI,1701.7
1991-09-19,SMI,1684.9
1991-09-20,SMI,1687.2
1991-09-21,SMI,1690.6
1991-09-23,SMI,1684.3
1991-09-24,SMI,1679.9
1991-09-26,SMI,1672.9
1991-09-27,SMI,1663.1
1991-09-28,SMI,1669.3
1991-09-30,SMI,1664.7
1991-10-01,SMI,1672.3
1991-10-03,SMI,1687.7
1991-10-04,SMI,1686.8
1991-10-05,SMI,1686.6
1991-10-07,SMI,1675.8
1991-10-08,SMI,1677.4
1991-10-10,SMI,1673.2
1991-10-11,SMI,1665
1991-10-12,SMI,1671.3
1991-10-14,SMI,1672.4
1991-10-15,SMI,1676.2
1991-10-17,SMI,1692.6
1991-10-18,SMI,1696.5
1991-10-19,SMI,1716.1
1991-10-21,SMI,1713.3
1991-10-22,SMI,1705.1
1991-10-24,SMI,1711.3
1991-10-25,SMI,1709.8
1991-10-27,SMI,1688.6
1991-10-28,SMI,1698.9
1991-10-29,SMI,1700
1991-10-31,SMI,1693
1991-11-01,SMI,1683.9
1991-11-03,SMI,1679.2
1991-11-04,SMI,1673.9
1991-11-05,SMI,1683.9
1991-11-07,SMI,1688.4
1991-11-08,SMI,1693.9
1991-11-10,SMI,1720.9
1991-11-11,SMI,1717.9
1991-11-12,SMI,1733.6
1991-11-14,SMI,1729.7
1991-11-15,SMI,1735.6
1991-11-17,SMI,1734.1
1991-11-18,SMI,1699.3
1991-11-19,SMI,1678.6
1991-11-21,SMI,1675.5
1991-11-22,SMI,1670.1
1991-11-24,SMI,1652.2
1991-11-25,SMI,1635
1991-11-26,SMI,1654.9
1991-11-28,SMI,1642
1991-11-29,SMI,1638.7
1991-12-01,SMI,1622.6
1991-12-02,SMI,1596.1
1991-12-03,SMI,1612.4
1991-12-05,SMI,1625
1991-12-06,SMI,1610.5
1991-12-08,SMI,1606.6
1991-12-09,SMI,1610.7
1991-12-10,SMI,1603.1
1991-12-12,SMI,1591.5
1991-12-13,SMI,1605.2
1991-12-15,SMI,1621.4
1991-12-16,SMI,1622.5
1991-12-17,SMI,1626.6
1991-12-19,SMI,1627.4
1991-12-20,SMI,1614.9
1991-12-22,SMI,1602.3
1991-12-23,SMI,1598.3
1991-12-24,SMI,1627
1991-12-26,SMI,1627
1991-12-27,SMI,1627
1991-12-29,SMI,1655.7
1991-12-30,SMI,1670.1
1992-01-01,SMI,1670.1
1992-01-02,SMI,1670.1
1992-01-03,SMI,1670.1
1992-01-05,SMI,1704
1992-01-06,SMI,1711.8
1992-01-08,SMI,1700.5
1992-01-09,SMI,1690.3
1992-01-10,SMI,1715.4
1992-01-12,SMI,1723.5
1992-01-13,SMI,1719.4
1992-01-15,SMI,1734.4
1992-01-16,SMI,1772.8
1992-01-17,SMI,1760.3
1992-01-19,SMI,1747.2
1992-01-20,SMI,1750.2
1992-01-22,SMI,1755.3
1992-01-23,SMI,1754.6
1992-01-24,SMI,1751.2
1992-01-26,SMI,1752.5
1992-01-27,SMI,1769.4
1992-01-29,SMI,1767.6
1992-01-30,SMI,1750
1992-01-31,SMI,1747.1
1992-02-02,SMI,1753.5
1992-02-03,SMI,1752.8
1992-02-05,SMI,1752.9
1992-02-06,SMI,1764.7
1992-02-08,SMI,1776.8
1992-02-09,SMI,1779.3
1992-02-10,SMI,1785.1
1992-02-12,SMI,1798.2
1992-02-13,SMI,1794.1
1992-02-15,SMI,1795.2
1992-02-16,SMI,1780.4
1992-02-17,SMI,1789.5
1992-02-19,SMI,1794.2
1992-02-20,SMI,1784.4
1992-02-22,SMI,1800.1
1992-02-23,SMI,1804
1992-02-24,SMI,1816.2
1992-02-26,SMI,1810.5
1992-02-27,SMI,1821.9
1992-02-29,SMI,1828.2
1992-03-01,SMI,1840.6
1992-03-02,SMI,1841.1
1992-03-04,SMI,1846.3
1992-03-05,SMI,1850
1992-03-07,SMI,1839
1992-03-08,SMI,1820.2
1992-03-09,SMI,1815.2
1992-03-11,SMI,1820.6
1992-03-12,SMI,1807.1
1992-03-14,SMI,1791.4
1992-03-15,SMI,1806.2
1992-03-17,SMI,1798.7
1992-03-18,SMI,1818.2
1992-03-19,SMI,1820.5
1992-03-21,SMI,1833.3
1992-03-22,SMI,1837.1
1992-03-24,SMI,1818.2
1992-03-25,SMI,1824.1
1992-03-26,SMI,1830.1
1992-03-28,SMI,1835.6
1992-03-29,SMI,1828.7
1992-03-31,SMI,1839.2
1992-04-01,SMI,1837.2
1992-04-02,SMI,1826.7
1992-04-04,SMI,1838
1992-04-05,SMI,1829.1
1992-04-07,SMI,1843.1
1992-04-08,SMI,1850.5
1992-04-09,SMI,1827.1
1992-04-11,SMI,1829.1
1992-04-12,SMI,1848
1992-04-14,SMI,1840.5
1992-04-15,SMI,1853.8
1992-04-16,SMI,1874.1
1992-04-18,SMI,1871.3
1992-04-19,SMI,1871.3
1992-04-21,SMI,1871.3
1992-04-22,SMI,1860.5
1992-04-24,SMI,1874.7
1992-04-25,SMI,1880.1
1992-04-26,SMI,1874.7
1992-04-28,SMI,1875.6
1992-04-29,SMI,1859.5
1992-05-01,SMI,1874.2
1992-05-02,SMI,1880.1
1992-05-03,SMI,1880.1
1992-05-05,SMI,1907.7
1992-05-06,SMI,1920.5
1992-05-08,SMI,1937.3
1992-05-09,SMI,1936.8
1992-05-10,SMI,1949.1
1992-05-12,SMI,1963.7
1992-05-13,SMI,1950.8
1992-05-15,SMI,1953.5
1992-05-16,SMI,1945
1992-05-17,SMI,1921.1
1992-05-19,SMI,1939.1
1992-05-20,SMI,1928
1992-05-22,SMI,1933.4
1992-05-23,SMI,1925.7
1992-05-24,SMI,1931.7
1992-05-26,SMI,1928.7
1992-05-27,SMI,1924.5
1992-05-29,SMI,1914.2
1992-05-30,SMI,1914.2
1992-06-01,SMI,1920.6
1992-06-02,SMI,1923.3
1992-06-03,SMI,1930.4
1992-06-05,SMI,1915.2
1992-06-06,SMI,1916.9
1992-06-08,SMI,1913.8
1992-06-09,SMI,1913.8
1992-06-10,SMI,1899.7
1992-06-12,SMI,1888
1992-06-13,SMI,1868.8
1992-06-15,SMI,1879.9
1992-06-16,SMI,1865.7
1992-06-17,SMI,1881.3
1992-06-19,SMI,1873.1
1992-06-20,SMI,1862.5
1992-06-22,SMI,1869.3
1992-06-23,SMI,1846.9
1992-06-24,SMI,1847.1
1992-06-26,SMI,1838.3
1992-06-27,SMI,1845.8
1992-06-29,SMI,1835.5
1992-06-30,SMI,1846.6
1992-07-02,SMI,1854.8
1992-07-03,SMI,1845.3
1992-07-04,SMI,1854.5
1992-07-06,SMI,1870.5
1992-07-07,SMI,1862.6
1992-07-09,SMI,1856.6
1992-07-10,SMI,1837.6
1992-07-11,SMI,1846.7
1992-07-13,SMI,1856.5
1992-07-14,SMI,1841.8
1992-07-16,SMI,1835
1992-07-17,SMI,1844.4
1992-07-18,SMI,1838.9
1992-07-20,SMI,1805.6
1992-07-21,SMI,1756.6
1992-07-23,SMI,1786.1
1992-07-24,SMI,1757.1
1992-07-25,SMI,1762.8
1992-07-27,SMI,1756.8
1992-07-28,SMI,1761.9
1992-07-30,SMI,1778.5
1992-07-31,SMI,1812.7
1992-08-01,SMI,1806.1
1992-08-03,SMI,1798.1
1992-08-04,SMI,1794.9
1992-08-06,SMI,1805.4
1992-08-07,SMI,1820.3
1992-08-09,SMI,1819.6
1992-08-10,SMI,1809.6
1992-08-11,SMI,1799.9
1992-08-13,SMI,1800.3
1992-08-14,SMI,1793.3
1992-08-16,SMI,1784.8
1992-08-17,SMI,1791.7
1992-08-18,SMI,1800.2
1992-08-20,SMI,1788.6
1992-08-21,SMI,1775.7
1992-08-23,SMI,1753.5
1992-08-24,SMI,1768.2
1992-08-25,SMI,1727.9
1992-08-27,SMI,1709.6
1992-08-28,SMI,1704.6
1992-08-30,SMI,1740.6
1992-08-31,SMI,1745.7
1992-09-01,SMI,1751.7
1992-09-03,SMI,1747.3
1992-09-04,SMI,1757.8
1992-09-06,SMI,1774.2
1992-09-07,SMI,1774.4
1992-09-08,SMI,1788.3
1992-09-10,SMI,1788
1992-09-11,SMI,1779.1
1992-09-13,SMI,1792.8
1992-09-14,SMI,1812
1992-09-16,SMI,1872.1
1992-09-17,SMI,1851.4
1992-09-18,SMI,1873.4
1992-09-20,SMI,1889.6
1992-09-21,SMI,1897.5
1992-09-23,SMI,1888.8
1992-09-24,SMI,1900.4
1992-09-25,SMI,1913.4
1992-09-27,SMI,1909.9
1992-09-28,SMI,1910.8
1992-09-30,SMI,1879.2
1992-10-01,SMI,1880.2
1992-10-02,SMI,1878.3
1992-10-04,SMI,1885.2
1992-10-05,SMI,1867.6
1992-10-07,SMI,1788
1992-10-08,SMI,1820.5
1992-10-09,SMI,1858.2
1992-10-11,SMI,1870.3
1992-10-12,SMI,1878.4
1992-10-14,SMI,1881.5
1992-10-15,SMI,1893.2
1992-10-16,SMI,1889.3
1992-10-18,SMI,1877.3
1992-10-19,SMI,1884
1992-10-21,SMI,1904.7
1992-10-22,SMI,1922.7
1992-10-24,SMI,1908.5
1992-10-25,SMI,1911.4
1992-10-26,SMI,1921.1
1992-10-28,SMI,1930.8
1992-10-29,SMI,1927.8
1992-10-31,SMI,1908.3
1992-11-01,SMI,1905.9
1992-11-02,SMI,1911.1
1992-11-04,SMI,1921.6
1992-11-05,SMI,1933.6
1992-11-07,SMI,1942
1992-11-08,SMI,1951.5
1992-11-09,SMI,1955.7
1992-11-11,SMI,1957.4
1992-11-12,SMI,1962.3
1992-11-14,SMI,1946.1
1992-11-15,SMI,1950.2
1992-11-16,SMI,1929.7
1992-11-18,SMI,1913.4
1992-11-19,SMI,1889.5
1992-11-21,SMI,1882.8
1992-11-22,SMI,1895.4
1992-11-23,SMI,1897.9
1992-11-25,SMI,1891.5
1992-11-26,SMI,1880.1
1992-11-28,SMI,1887
1992-11-29,SMI,1891.4
1992-12-01,SMI,1914.6
1992-12-02,SMI,1931.2
1992-12-03,SMI,1929.2
1992-12-05,SMI,1924.3
1992-12-06,SMI,1927
1992-12-08,SMI,1935
1992-12-09,SMI,1955.4
1992-12-10,SMI,1962.2
1992-12-12,SMI,1980.7
1992-12-13,SMI,1987.7
1992-12-15,SMI,1993.7
1992-12-16,SMI,2015.7
1992-12-17,SMI,2005
1992-12-19,SMI,2023.9
1992-12-20,SMI,2028.5
1992-12-22,SMI,2044.9
1992-12-23,SMI,2045.8
1992-12-24,SMI,2057.3
1992-12-26,SMI,2061.7
1992-12-27,SMI,2061.7
1992-12-29,SMI,2061.7
1992-12-30,SMI,2092.3
1993-01-01,SMI,2090.1
1993-01-02,SMI,2105.4
1993-01-03,SMI,2105.4
1993-01-05,SMI,2105.4
1993-01-06,SMI,2117.7
1993-01-08,SMI,2128.2
1993-01-09,SMI,2124.7
1993-01-10,SMI,2079.9
1993-01-12,SMI,2074.9
1993-01-13,SMI,2046.4
1993-01-15,SMI,2079.8
1993-01-16,SMI,2076.7
1993-01-17,SMI,2104.5
1993-01-19,SMI,2101.3
1993-01-20,SMI,2084
1993-01-22,SMI,2063.9
1993-01-23,SMI,2062.7
1993-01-24,SMI,2089.9
1993-01-26,SMI,2102.9
1993-01-27,SMI,2086
1993-01-29,SMI,2085.9
1993-01-30,SMI,2064.1
1993-01-31,SMI,2072.7
1993-02-02,SMI,2091
1993-02-03,SMI,2120.2
1993-02-05,SMI,2120.4
1993-02-06,SMI,2117.6
1993-02-07,SMI,2123.7
1993-02-09,SMI,2132.2
1993-02-10,SMI,2137
1993-02-12,SMI,2134.8
1993-02-13,SMI,2121.4
1993-02-14,SMI,2127.5
1993-02-16,SMI,2135.5
1993-02-17,SMI,2144.8
1993-02-19,SMI,2131
1993-02-20,SMI,2112.9
1993-02-21,SMI,2131.3
1993-02-23,SMI,2117.8
1993-02-24,SMI,2096.1
1993-02-26,SMI,2051.5
1993-02-27,SMI,2065.7
1993-02-28,SMI,2061
1993-03-02,SMI,2100.6
1993-03-03,SMI,2120.5
1993-03-05,SMI,2130.9
1993-03-06,SMI,2142.4
1993-03-07,SMI,2139.5
1993-03-09,SMI,2134.6
1993-03-10,SMI,2132.2
1993-03-12,SMI,2150.1
1993-03-13,SMI,2157
1993-03-15,SMI,2165
1993-03-16,SMI,2127.2
1993-03-17,SMI,2157.2
1993-03-19,SMI,2150.8
1993-03-20,SMI,2139.1
1993-03-22,SMI,2154.7
1993-03-23,SMI,2182.4
1993-03-24,SMI,2161.3
1993-03-26,SMI,2166.3
1993-03-27,SMI,2146.8
1993-03-29,SMI,2135.7
1993-03-30,SMI,2160.9
1993-03-31,SMI,2175.7
1993-04-02,SMI,2188.9
1993-04-03,SMI,2190.3
1993-04-05,SMI,2188.4
1993-04-06,SMI,2190.3
1993-04-07,SMI,2184
1993-04-09,SMI,2196
1993-04-10,SMI,2184.9
1993-04-12,SMI,2188.3
1993-04-13,SMI,2188.3
1993-04-14,SMI,2188.3
1993-04-16,SMI,2181.7
1993-04-17,SMI,2165.7
1993-04-19,SMI,2160.5
1993-04-20,SMI,2162.9
1993-04-21,SMI,2166.3
1993-04-23,SMI,2170.8
1993-04-24,SMI,2178.1
1993-04-26,SMI,2177.3
1993-04-27,SMI,2162.3
1993-04-28,SMI,2140.4
1993-04-30,SMI,2124.7
1993-05-01,SMI,2138.2
1993-05-03,SMI,2123.2
1993-05-04,SMI,2129.7
1993-05-05,SMI,2152.8
1993-05-07,SMI,2160
1993-05-08,SMI,2165.8
1993-05-10,SMI,2165.4
1993-05-11,SMI,2162.6
1993-05-12,SMI,2179.1
1993-05-14,SMI,2191.1
1993-05-15,SMI,2191.5
1993-05-17,SMI,2183.3
1993-05-18,SMI,2186.3
1993-05-19,SMI,2205.2
1993-05-21,SMI,2227.2
1993-05-22,SMI,2227
1993-05-24,SMI,2227
1993-05-25,SMI,2232.9
1993-05-27,SMI,2237.4
1993-05-28,SMI,2243.5
1993-05-29,SMI,2247.5
1993-05-31,SMI,2267.1
1993-06-01,SMI,2271.6
1993-06-03,SMI,2271.6
1993-06-04,SMI,2253.8
1993-06-05,SMI,2259.8
1993-06-07,SMI,2269
1993-06-08,SMI,2284.2
1993-06-10,SMI,2309.7
1993-06-11,SMI,2294.5
1993-06-12,SMI,2312.5
1993-06-14,SMI,2309.2
1993-06-15,SMI,2308.6
1993-06-17,SMI,2293.8
1993-06-18,SMI,2274
1993-06-19,SMI,2294.6
1993-06-21,SMI,2323.4
1993-06-22,SMI,2318
1993-06-24,SMI,2329.5
1993-06-25,SMI,2335
1993-06-26,SMI,2323.9
1993-06-28,SMI,2335.8
1993-06-29,SMI,2347.3
1993-07-01,SMI,2369.8
1993-07-02,SMI,2371.9
1993-07-03,SMI,2376.2
1993-07-05,SMI,2375.5
1993-07-06,SMI,2368.8
1993-07-08,SMI,2364.4
1993-07-09,SMI,2390.9
1993-07-10,SMI,2372
1993-07-12,SMI,2397.1
1993-07-13,SMI,2403
1993-07-15,SMI,2408.7
1993-07-16,SMI,2418.1
1993-07-17,SMI,2410.5
1993-07-19,SMI,2399.9
1993-07-20,SMI,2396.4
1993-07-22,SMI,2381.8
1993-07-23,SMI,2324.5
1993-07-24,SMI,2313.7
1993-07-26,SMI,2340.2
1993-07-27,SMI,2350.5
1993-07-29,SMI,2388.7
1993-07-30,SMI,2398
1993-07-31,SMI,2408.7
1993-08-02,SMI,2401.5
1993-08-03,SMI,2400.9
1993-08-05,SMI,2400.7
1993-08-06,SMI,2429.8
1993-08-08,SMI,2431.5
1993-08-09,SMI,2424.9
1993-08-10,SMI,2423.3
1993-08-12,SMI,2420.5
1993-08-13,SMI,2384.5
1993-08-15,SMI,2411.1
1993-08-16,SMI,2449.5
1993-08-17,SMI,2461
1993-08-19,SMI,2478.7
1993-08-20,SMI,2464.9
1993-08-22,SMI,2488
1993-08-23,SMI,2480.6
1993-08-24,SMI,2474.5
1993-08-26,SMI,2467.3
1993-08-27,SMI,2472.4
1993-08-29,SMI,2499.7
1993-08-30,SMI,2475.2
1993-08-31,SMI,2478.6
1993-09-02,SMI,2481
1993-09-03,SMI,2488.5
1993-09-05,SMI,2470.4
1993-09-06,SMI,2463.8
1993-09-07,SMI,2438.8
1993-09-09,SMI,2392.5
1993-09-10,SMI,2403.4
1993-09-12,SMI,2397.9
1993-09-13,SMI,2382.1
1993-09-14,SMI,2363.6
1993-09-16,SMI,2365.6
1993-09-17,SMI,2388.3
1993-09-19,SMI,2361.8
1993-09-20,SMI,2374.4
1993-09-21,SMI,2385.2
1993-09-23,SMI,2418.4
1993-09-24,SMI,2431.8
1993-09-26,SMI,2414.6
1993-09-27,SMI,2425.8
1993-09-28,SMI,2445.9
1993-09-30,SMI,2482.4
1993-10-01,SMI,2478.3
1993-10-03,SMI,2485.4
1993-10-04,SMI,2473.1
1993-10-05,SMI,2481.6
1993-10-07,SMI,2490.3
1993-10-08,SMI,2521.3
1993-10-10,SMI,2534.8
1993-10-11,SMI,2528
1993-10-12,SMI,2533.6
1993-10-14,SMI,2548.5
1993-10-15,SMI,2552.5
1993-10-17,SMI,2571
1993-10-18,SMI,2586.4
1993-10-20,SMI,2612.6
1993-10-21,SMI,2663.6
1993-10-22,SMI,2660.7
1993-10-24,SMI,2668.4
1993-10-25,SMI,2690.1
1993-10-27,SMI,2701.4
1993-10-28,SMI,2685
1993-10-29,SMI,2700.2
1993-10-31,SMI,2715.9
1993-11-01,SMI,2720.9
1993-11-03,SMI,2723.2
1993-11-04,SMI,2727.1
1993-11-05,SMI,2742.9
1993-11-07,SMI,2749.9
1993-11-08,SMI,2706.6
1993-11-10,SMI,2654.2
1993-11-11,SMI,2675.3
1993-11-12,SMI,2727.1
1993-11-14,SMI,2742.1
1993-11-15,SMI,2720.1
1993-11-17,SMI,2721.1
1993-11-18,SMI,2717.4
1993-11-19,SMI,2712.3
1993-11-21,SMI,2711.1
1993-11-22,SMI,2727.1
1993-11-24,SMI,2733.9
1993-11-25,SMI,2696.5
1993-11-26,SMI,2702.1
1993-11-28,SMI,2717.8
1993-11-29,SMI,2726.8
1993-12-01,SMI,2741.9
1993-12-02,SMI,2738.2
1993-12-03,SMI,2738.5
1993-12-05,SMI,2774.3
1993-12-06,SMI,2787.2
1993-12-08,SMI,2819
1993-12-09,SMI,2836.4
1993-12-10,SMI,2834.8
1993-12-12,SMI,2843.8
1993-12-13,SMI,2858.4
1993-12-15,SMI,2861.2
1993-12-16,SMI,2876.9
1993-12-17,SMI,2867.8
1993-12-19,SMI,2850.6
1993-12-20,SMI,2867.7
1993-12-22,SMI,2889.5
1993-12-23,SMI,2909
1993-12-24,SMI,2918
1993-12-26,SMI,2942.4
1993-12-27,SMI,2967.4
1993-12-29,SMI,2967.4
1993-12-30,SMI,2972.6
1994-01-01,SMI,2930.9
1994-01-02,SMI,2934.2
1994-01-03,SMI,2957.6
1994-01-05,SMI,2957.6
1994-01-06,SMI,2996.2
1994-01-08,SMI,2999.2
1994-01-09,SMI,3009.4
1994-01-10,SMI,3021.9
1994-01-12,SMI,3042.9
1994-01-13,SMI,3015.9
1994-01-15,SMI,3026.6
1994-01-16,SMI,2999
1994-01-17,SMI,2949.9
1994-01-19,SMI,2990.6
1994-01-20,SMI,3011.1
1994-01-22,SMI,3037.5
1994-01-23,SMI,3049.4
1994-01-24,SMI,3045.9
1994-01-26,SMI,3039.3
1994-01-27,SMI,3041.3
1994-01-29,SMI,3066.5
1994-01-30,SMI,3091.3
1994-01-31,SMI,3095.2
1994-02-02,SMI,3140.7
1994-02-03,SMI,3178.4
1994-02-05,SMI,3148.7
1994-02-06,SMI,3169.1
1994-02-07,SMI,3151.9
1994-02-09,SMI,3166.6
1994-02-10,SMI,3089.8
1994-02-12,SMI,3097.2
1994-02-13,SMI,3054.2
1994-02-14,SMI,3012.2
1994-02-16,SMI,3012.2
1994-02-17,SMI,2947.1
1994-02-19,SMI,2947.1
1994-02-20,SMI,2947.1
1994-02-21,SMI,3033.4
1994-02-23,SMI,3025.9
1994-02-24,SMI,2997.6
1994-02-26,SMI,2982.8
1994-02-27,SMI,3027.5
1994-02-28,SMI,2958.4
1994-03-02,SMI,2929.3
1994-03-03,SMI,2888.2
1994-03-05,SMI,2847.4
1994-03-06,SMI,2768.5
1994-03-07,SMI,2803.4
1994-03-09,SMI,2865.2
1994-03-10,SMI,2918.7
1994-03-12,SMI,2902.4
1994-03-13,SMI,2858.5
1994-03-15,SMI,2861.2
1994-03-16,SMI,2831.6
1994-03-17,SMI,2870.5
1994-03-19,SMI,2906.9
1994-03-20,SMI,2887.1
1994-03-22,SMI,2887.7
1994-03-23,SMI,2843.5
1994-03-24,SMI,2804.3
1994-03-26,SMI,2824.7
1994-03-27,SMI,2857
1994-03-29,SMI,2850.8
1994-03-30,SMI,2831.8
1994-03-31,SMI,2862.4
1994-04-02,SMI,2827.4
1994-04-03,SMI,2814.5
1994-04-05,SMI,2794.8
1994-04-06,SMI,2794.8
1994-04-07,SMI,2794.8
1994-04-09,SMI,2807.3
1994-04-10,SMI,2830.2
1994-04-12,SMI,2860.9
1994-04-13,SMI,2873.4
1994-04-14,SMI,2884
1994-04-16,SMI,2887.8
1994-04-17,SMI,2877.7
1994-04-19,SMI,2843.7
1994-04-20,SMI,2872.9
1994-04-21,SMI,2869.1
1994-04-23,SMI,2837.1
1994-04-24,SMI,2818.7
1994-04-26,SMI,2781.6
1994-04-27,SMI,2787.9
1994-04-28,SMI,2763.5
1994-04-30,SMI,2776.2
1994-05-01,SMI,2791.3
1994-05-03,SMI,2768.9
1994-05-04,SMI,2736.3
1994-05-05,SMI,2765.2
1994-05-07,SMI,2755.9
1994-05-08,SMI,2705.6
1994-05-10,SMI,2682.2
1994-05-11,SMI,2641.4
1994-05-12,SMI,2569.5
1994-05-14,SMI,2629
1994-05-15,SMI,2633
1994-05-17,SMI,2633
1994-05-18,SMI,2678.7
1994-05-19,SMI,2709
1994-05-21,SMI,2727.1
1994-05-22,SMI,2740.6
1994-05-24,SMI,2725.8
1994-05-25,SMI,2732.7
1994-05-27,SMI,2732.7
1994-05-28,SMI,2692
1994-05-29,SMI,2673.1
1994-05-31,SMI,2689.2
1994-06-01,SMI,2711.9
1994-06-03,SMI,2742.9
1994-06-04,SMI,2722.9
1994-06-05,SMI,2731.5
1994-06-07,SMI,2725.9
1994-06-08,SMI,2728.4
1994-06-10,SMI,2781.4
1994-06-11,SMI,2778.1
1994-06-12,SMI,2801.1
1994-06-14,SMI,2777.2
1994-06-15,SMI,2763.8
1994-06-17,SMI,2744.2
1994-06-18,SMI,2740
1994-06-19,SMI,2701.8
1994-06-21,SMI,2666.6
1994-06-22,SMI,2627.6
1994-06-24,SMI,2545
1994-06-25,SMI,2544.2
1994-06-26,SMI,2595.7
1994-06-28,SMI,2626.7
1994-06-29,SMI,2577.2
1994-07-01,SMI,2561.4
1994-07-02,SMI,2604.4
1994-07-03,SMI,2631.2
1994-07-05,SMI,2608.8
1994-07-06,SMI,2588.9
1994-07-08,SMI,2636.4
1994-07-09,SMI,2609.7
1994-07-10,SMI,2598.9
1994-07-12,SMI,2590.5
1994-07-13,SMI,2560.3
1994-07-15,SMI,2562.5
1994-07-16,SMI,2508
1994-07-17,SMI,2474.5
1994-07-19,SMI,2528.3
1994-07-20,SMI,2514.9
1994-07-22,SMI,2494.7
1994-07-23,SMI,2521.6
1994-07-24,SMI,2562.3
1994-07-26,SMI,2579.4
1994-07-27,SMI,2599.2
1994-07-29,SMI,2601.2
1994-07-30,SMI,2604.4
1994-07-31,SMI,2544.9
1994-08-02,SMI,2559.3
1994-08-03,SMI,2579.5
1994-08-05,SMI,2579.5
1994-08-06,SMI,2629.7
1994-08-08,SMI,2620.7
1994-08-09,SMI,2615.3
1994-08-10,SMI,2600.8
1994-08-12,SMI,2617.5
1994-08-13,SMI,2585.5
1994-08-15,SMI,2591.4
1994-08-16,SMI,2588.8
1994-08-17,SMI,2580.5
1994-08-19,SMI,2570.6
1994-08-20,SMI,2588.7
1994-08-22,SMI,2599.3
1994-08-23,SMI,2582.7
1994-08-24,SMI,2557
1994-08-26,SMI,2532.4
1994-08-27,SMI,2530.9
1994-08-29,SMI,2541.1
1994-08-30,SMI,2551.1
1994-08-31,SMI,2581.3
1994-09-02,SMI,2635.2
1994-09-03,SMI,2635.7
1994-09-05,SMI,2645.6
1994-09-06,SMI,2628.4
1994-09-07,SMI,2672
1994-09-09,SMI,2674.5
1994-09-10,SMI,2652.4
1994-09-12,SMI,2662.5
1994-09-13,SMI,2664.1
1994-09-14,SMI,2642.1
1994-09-16,SMI,2643
1994-09-17,SMI,2658.8
1994-09-19,SMI,2637.7
1994-09-20,SMI,2628.6
1994-09-21,SMI,2603.3
1994-09-23,SMI,2614.7
1994-09-24,SMI,2593
1994-09-26,SMI,2594
1994-09-27,SMI,2602.9
1994-09-28,SMI,2609.1
1994-09-30,SMI,2586.1
1994-10-01,SMI,2581
1994-10-03,SMI,2590
1994-10-04,SMI,2558
1994-10-05,SMI,2534.4
1994-10-07,SMI,2499.5
1994-10-08,SMI,2522.5
1994-10-10,SMI,2480.4
1994-10-11,SMI,2484.8
1994-10-12,SMI,2496.9
1994-10-14,SMI,2553.4
1994-10-15,SMI,2570.2
1994-10-17,SMI,2562.7
1994-10-18,SMI,2593.3
1994-10-20,SMI,2585.3
1994-10-21,SMI,2575.6
1994-10-22,SMI,2542.5
1994-10-24,SMI,2529.8
1994-10-25,SMI,2530.9
1994-10-27,SMI,2508.6
1994-10-28,SMI,2525.2
1994-10-29,SMI,2494.7
1994-10-31,SMI,2477.2
1994-11-01,SMI,2458.6
1994-11-03,SMI,2490.5
1994-11-04,SMI,2506.5
1994-11-05,SMI,2503.9
1994-11-07,SMI,2500
1994-11-08,SMI,2534.8
1994-11-10,SMI,2541
1994-11-11,SMI,2557.9
1994-11-12,SMI,2543.9
1994-11-14,SMI,2590.4
1994-11-15,SMI,2602.7
1994-11-17,SMI,2597.8
1994-11-18,SMI,2590.9
1994-11-19,SMI,2591.9
1994-11-21,SMI,2609.4
1994-11-22,SMI,2600.9
1994-11-24,SMI,2606.5
1994-11-25,SMI,2607
1994-11-26,SMI,2571.8
1994-11-28,SMI,2546.1
1994-11-29,SMI,2568.6
1994-12-01,SMI,2572.5
1994-12-02,SMI,2579.4
1994-12-03,SMI,2584.7
1994-12-05,SMI,2594.9
1994-12-06,SMI,2576
1994-12-08,SMI,2577.5
1994-12-09,SMI,2611
1994-12-10,SMI,2589.1
1994-12-12,SMI,2584.3
1994-12-13,SMI,2589.3
1994-12-15,SMI,2576
1994-12-16,SMI,2562.8
1994-12-17,SMI,2566
1994-12-19,SMI,2581.4
1994-12-20,SMI,2598
1994-12-22,SMI,2604.7
1994-12-23,SMI,2600.7
1994-12-24,SMI,2614.7
1994-12-26,SMI,2636.1
1994-12-27,SMI,2649.8
1994-12-29,SMI,2651
1994-12-30,SMI,2651
1995-01-01,SMI,2673.5
1995-01-02,SMI,2656.2
1995-01-03,SMI,2628.8
1995-01-05,SMI,2628.8
1995-01-06,SMI,2628.8
1995-01-08,SMI,2612.3
1995-01-09,SMI,2632.4
1995-01-10,SMI,2613.1
1995-01-12,SMI,2622.3
1995-01-13,SMI,2617.3
1995-01-15,SMI,2600.4
1995-01-16,SMI,2597
1995-01-17,SMI,2600.5
1995-01-19,SMI,2600.2
1995-01-20,SMI,2591.6
1995-01-22,SMI,2582.8
1995-01-23,SMI,2593.6
1995-01-24,SMI,2595.5
1995-01-26,SMI,2574.6
1995-01-27,SMI,2525.3
1995-01-29,SMI,2534.8
1995-01-30,SMI,2525.5
1995-01-31,SMI,2554.7
1995-02-02,SMI,2552.4
1995-02-03,SMI,2540.2
1995-02-05,SMI,2536.9
1995-02-06,SMI,2560.8
1995-02-07,SMI,2563.7
1995-02-09,SMI,2589.4
1995-02-10,SMI,2621.4
1995-02-12,SMI,2628
1995-02-13,SMI,2617.4
1995-02-14,SMI,2636.9
1995-02-16,SMI,2635.4
1995-02-17,SMI,2636
1995-02-19,SMI,2642.4
1995-02-20,SMI,2636
1995-02-21,SMI,2621
1995-02-23,SMI,2601
1995-02-24,SMI,2597.2
1995-02-26,SMI,2609.6
1995-02-27,SMI,2610
1995-02-28,SMI,2632.1
1995-03-02,SMI,2623.3
1995-03-03,SMI,2607.5
1995-03-05,SMI,2600.4
1995-03-06,SMI,2619.2
1995-03-07,SMI,2617.2
1995-03-09,SMI,2586.5
1995-03-10,SMI,2553.2
1995-03-12,SMI,2543.1
1995-03-13,SMI,2515.8
1995-03-15,SMI,2461.5
1995-03-16,SMI,2467.7
1995-03-17,SMI,2450.3
1995-03-19,SMI,2463.3
1995-03-20,SMI,2475
1995-03-22,SMI,2491.7
1995-03-23,SMI,2497.5
1995-03-24,SMI,2516
1995-03-26,SMI,2505.5
1995-03-27,SMI,2501.9
1995-03-29,SMI,2480.7
1995-03-30,SMI,2526.6
1995-03-31,SMI,2518.1
1995-04-02,SMI,2495.6
1995-04-03,SMI,2495
1995-04-05,SMI,2533.1
1995-04-06,SMI,2508.9
1995-04-07,SMI,2511.1
1995-04-09,SMI,2536.2
1995-04-10,SMI,2536.3
1995-04-12,SMI,2556.1
1995-04-13,SMI,2559.3
1995-04-14,SMI,2561.2
1995-04-16,SMI,2563.1
1995-04-17,SMI,2562.4
1995-04-19,SMI,2560.3
1995-04-20,SMI,2560.3
1995-04-21,SMI,2560.3
1995-04-23,SMI,2547.1
1995-04-24,SMI,2516.8
1995-04-26,SMI,2544.2
1995-04-27,SMI,2560.8
1995-04-28,SMI,2554.8
1995-04-30,SMI,2561.1
1995-05-01,SMI,2574.4
1995-05-03,SMI,2567
1995-05-04,SMI,2597.2
1995-05-05,SMI,2597.2
1995-05-07,SMI,2621.4
1995-05-08,SMI,2618.6
1995-05-10,SMI,2641.7
1995-05-11,SMI,2650.5
1995-05-12,SMI,2658.8
1995-05-14,SMI,2655.6
1995-05-15,SMI,2661.4
1995-05-17,SMI,2701
1995-05-18,SMI,2728.2
1995-05-19,SMI,2739
1995-05-21,SMI,2746.6
1995-05-22,SMI,2739.8
1995-05-24,SMI,2727.7
1995-05-25,SMI,2701
1995-05-27,SMI,2751.2
1995-05-28,SMI,2750.4
1995-05-29,SMI,2778.5
1995-05-31,SMI,2778.5
1995-06-01,SMI,2751.7
1995-06-03,SMI,2762.5
1995-06-04,SMI,2779.4
1995-06-05,SMI,2786.4
1995-06-07,SMI,2807.8
1995-06-08,SMI,2805.3
1995-06-10,SMI,2805.3
1995-06-11,SMI,2809.7
1995-06-12,SMI,2819.6
1995-06-14,SMI,2806.8
1995-06-15,SMI,2795.3
1995-06-17,SMI,2802.3
1995-06-18,SMI,2800.9
1995-06-19,SMI,2798.1
1995-06-21,SMI,2800.2
1995-06-22,SMI,2775.4
1995-06-24,SMI,2803
1995-06-25,SMI,2805.6
1995-06-26,SMI,2816.8
1995-06-28,SMI,2843.3
1995-06-29,SMI,2837.7
1995-07-01,SMI,2830.3
1995-07-02,SMI,2845.1
1995-07-03,SMI,2836.8
1995-07-05,SMI,2845.6
1995-07-06,SMI,2825.3
1995-07-08,SMI,2827.5
1995-07-09,SMI,2847.5
1995-07-10,SMI,2843.7
1995-07-12,SMI,2833.7
1995-07-13,SMI,2848.4
1995-07-15,SMI,2842.9
1995-07-16,SMI,2847.3
1995-07-17,SMI,2867.9
1995-07-19,SMI,2869.7
1995-07-20,SMI,2863.4
1995-07-22,SMI,2892.3
1995-07-23,SMI,2875.1
1995-07-24,SMI,2856.2
1995-07-26,SMI,2822.2
1995-07-27,SMI,2830.2
1995-07-29,SMI,2836.6
1995-07-30,SMI,2833.2
1995-07-31,SMI,2827.1
1995-08-02,SMI,2824.7
1995-08-03,SMI,2833.1
1995-08-05,SMI,2826.8
1995-08-06,SMI,2826.8
1995-08-08,SMI,2852.3
1995-08-09,SMI,2814.3
1995-08-10,SMI,2807.1
1995-08-12,SMI,2800.6
1995-08-13,SMI,2797.4
1995-08-15,SMI,2781.3
1995-08-16,SMI,2802.6
1995-08-17,SMI,2820.1
1995-08-19,SMI,2807.2
1995-08-20,SMI,2838.4
1995-08-22,SMI,2880.6
1995-08-23,SMI,2880
1995-08-24,SMI,2889.5
1995-08-26,SMI,2886.7
1995-08-27,SMI,2900.8
1995-08-29,SMI,2896.8
1995-08-30,SMI,2887.1
1995-08-31,SMI,2893.8
1995-09-02,SMI,2883.3
1995-09-03,SMI,2887.3
1995-09-05,SMI,2915.7
1995-09-06,SMI,2908.8
1995-09-07,SMI,2918.3
1995-09-09,SMI,2952.7
1995-09-10,SMI,2971.1
1995-09-12,SMI,2999.6
1995-09-13,SMI,2989.1
1995-09-14,SMI,2989.2
1995-09-16,SMI,2986.3
1995-09-17,SMI,2990.5
1995-09-19,SMI,3016.8
1995-09-20,SMI,3011.6
1995-09-21,SMI,3025.4
1995-09-23,SMI,3008.1
1995-09-24,SMI,3033.5
1995-09-26,SMI,3029
1995-09-27,SMI,3039.1
1995-09-28,SMI,2994.7
1995-09-30,SMI,3015.3
1995-10-01,SMI,3045.5
1995-10-03,SMI,3009.8
1995-10-04,SMI,3000.6
1995-10-05,SMI,3014.8
1995-10-07,SMI,3039
1995-10-08,SMI,3049
1995-10-10,SMI,3036.5
1995-10-11,SMI,3036.6
1995-10-12,SMI,3054
1995-10-14,SMI,3064
1995-10-15,SMI,3050
1995-10-17,SMI,3073
1995-10-18,SMI,3083.7
1995-10-20,SMI,3109.2
1995-10-21,SMI,3116.3
1995-10-22,SMI,3112.3
1995-10-24,SMI,3135.4
1995-10-25,SMI,3124.5
1995-10-27,SMI,3120.4
1995-10-28,SMI,3041.7
1995-10-29,SMI,3062.3
1995-10-31,SMI,3078.9
1995-11-01,SMI,3080
1995-11-03,SMI,3026.6
1995-11-04,SMI,3057.9
1995-11-05,SMI,3108.2
1995-11-07,SMI,3128.5
1995-11-08,SMI,3123.4
1995-11-10,SMI,3137.6
1995-11-11,SMI,3123.2
1995-11-12,SMI,3133.8
1995-11-14,SMI,3132.6
1995-11-15,SMI,3150.1
1995-11-17,SMI,3130.4
1995-11-18,SMI,3121.4
1995-11-19,SMI,3133
1995-11-21,SMI,3124.8
1995-11-22,SMI,3148.4
1995-11-24,SMI,3152.5
1995-11-25,SMI,3182.2
1995-11-26,SMI,3183.9
1995-11-28,SMI,3201
1995-11-29,SMI,3209.2
1995-12-01,SMI,3220.1
1995-12-02,SMI,3251
1995-12-03,SMI,3229.5
1995-12-05,SMI,3245.9
1995-12-06,SMI,3251.6
1995-12-08,SMI,3261.2
1995-12-09,SMI,3278.4
1995-12-10,SMI,3278.5
1995-12-12,SMI,3281.5
1995-12-13,SMI,3245.7
1995-12-15,SMI,3246.6
1995-12-16,SMI,3261.6
1995-12-17,SMI,3280.9
1995-12-19,SMI,3273.4
1995-12-20,SMI,3272.2
1995-12-22,SMI,3289.8
1995-12-23,SMI,3251.6
1995-12-24,SMI,3217.7
1995-12-26,SMI,3254.3
1995-12-27,SMI,3255
1995-12-29,SMI,3277.9
1995-12-30,SMI,3277.9
1996-01-01,SMI,3277.9
1996-01-02,SMI,3317.1
1996-01-03,SMI,3297.7
1996-01-05,SMI,3297.7
1996-01-06,SMI,3297.7
1996-01-08,SMI,3297.7
1996-01-09,SMI,3384.5
1996-01-10,SMI,3395.8
1996-01-12,SMI,3376.1
1996-01-13,SMI,3368.1
1996-01-15,SMI,3361.5
1996-01-16,SMI,3314.8
1996-01-17,SMI,3284.1
1996-01-19,SMI,3292.9
1996-01-20,SMI,3233.9
1996-01-22,SMI,3254.8
1996-01-23,SMI,3219.3
1996-01-24,SMI,3257.8
1996-01-26,SMI,3253.1
1996-01-27,SMI,3249.9
1996-01-29,SMI,3219
1996-01-30,SMI,3221.3
1996-01-31,SMI,3211.2
1996-02-02,SMI,3191.4
1996-02-03,SMI,3198.2
1996-02-05,SMI,3236.8
1996-02-06,SMI,3248.7
1996-02-08,SMI,3279.9
1996-02-09,SMI,3270
1996-02-10,SMI,3221.7
1996-02-12,SMI,3253.8
1996-02-13,SMI,3262.7
1996-02-15,SMI,3245.6
1996-02-16,SMI,3242.7
1996-02-17,SMI,3253.1
1996-02-19,SMI,3260.1
1996-02-20,SMI,3266.1
1996-02-22,SMI,3272.2
1996-02-23,SMI,3280.3
1996-02-24,SMI,3270.6
1996-02-26,SMI,3243.5
1996-02-27,SMI,3253
1996-02-29,SMI,3264.4
1996-03-01,SMI,3296.2
1996-03-02,SMI,3298.6
1996-03-04,SMI,3309.9
1996-03-05,SMI,3360.5
1996-03-07,SMI,3354.8
1996-03-08,SMI,3385.5
1996-03-09,SMI,3400.6
1996-03-11,SMI,3383.4
1996-03-12,SMI,3408.3
1996-03-14,SMI,3581.9
1996-03-15,SMI,3549.7
1996-03-17,SMI,3506.2
1996-03-18,SMI,3540.5
1996-03-19,SMI,3558.3
1996-03-21,SMI,3578.4
1996-03-22,SMI,3561.1
1996-03-24,SMI,3583.6
1996-03-25,SMI,3605.1
1996-03-26,SMI,3611.1
1996-03-28,SMI,3629.3
1996-03-29,SMI,3647.7
1996-03-31,SMI,3677
1996-04-01,SMI,3658.1
1996-04-02,SMI,3671
1996-04-04,SMI,3640.3
1996-04-05,SMI,3646.5
1996-04-07,SMI,3654.3
1996-04-08,SMI,3648.3
1996-04-09,SMI,3606.7
1996-04-11,SMI,3611.1
1996-04-12,SMI,3611.1
1996-04-14,SMI,3611.1
1996-04-15,SMI,3594.4
1996-04-16,SMI,3601.5
1996-04-18,SMI,3566.9
1996-04-19,SMI,3575.5
1996-04-21,SMI,3589.6
1996-04-22,SMI,3607.5
1996-04-24,SMI,3603.9
1996-04-25,SMI,3601.2
1996-04-26,SMI,3628.1
1996-04-28,SMI,3673.2
1996-04-29,SMI,3647.3
1996-05-01,SMI,3668.4
1996-05-02,SMI,3668.1
1996-05-03,SMI,3696
1996-05-05,SMI,3658.2
1996-05-06,SMI,3651
1996-05-08,SMI,3651
1996-05-09,SMI,3635.8
1996-05-10,SMI,3611.2
1996-05-12,SMI,3591.6
1996-05-13,SMI,3583.6
1996-05-15,SMI,3534.1
1996-05-16,SMI,3521.6
1996-05-17,SMI,3556.9
1996-05-19,SMI,3557.8
1996-05-20,SMI,3582.4
1996-05-22,SMI,3572.5
1996-05-23,SMI,3572.5
1996-05-24,SMI,3593
1996-05-26,SMI,3584
1996-05-27,SMI,3587.3
1996-05-29,SMI,3550
1996-05-30,SMI,3547.4
1996-06-01,SMI,3572.2
1996-06-02,SMI,3572.2
1996-06-03,SMI,3583.8
1996-06-05,SMI,3558.2
1996-06-06,SMI,3537.7
1996-06-08,SMI,3556.1
1996-06-09,SMI,3544.6
1996-06-10,SMI,3568.1
1996-06-12,SMI,3572
1996-06-13,SMI,3585.5
1996-06-15,SMI,3547.9
1996-06-16,SMI,3575.8
1996-06-17,SMI,3575.6
1996-06-19,SMI,3600.9
1996-06-20,SMI,3607.4
1996-06-22,SMI,3593.9
1996-06-23,SMI,3600.1
1996-06-24,SMI,3628.3
1996-06-26,SMI,3643.6
1996-06-27,SMI,3655.4
1996-06-29,SMI,3687.3
1996-06-30,SMI,3701.5
1996-07-02,SMI,3699.6
1996-07-03,SMI,3723.5
1996-07-04,SMI,3703
1996-07-06,SMI,3732.9
1996-07-07,SMI,3728.2
1996-07-09,SMI,3750.8
1996-07-10,SMI,3757
1996-07-11,SMI,3771.3
1996-07-13,SMI,3731.2
1996-07-14,SMI,3732.8
1996-07-16,SMI,3773.4
1996-07-17,SMI,3788
1996-07-18,SMI,3810
1996-07-20,SMI,3785.8
1996-07-21,SMI,3755.4
1996-07-23,SMI,3678.1
1996-07-24,SMI,3656.2
1996-07-25,SMI,3649.2
1996-07-27,SMI,3661.5
1996-07-28,SMI,3566.1
1996-07-30,SMI,3585.2
1996-07-31,SMI,3482.6
1996-08-01,SMI,3537.4
1996-08-03,SMI,3537.8
1996-08-04,SMI,3549.5
1996-08-06,SMI,3518.2
1996-08-07,SMI,3494.4
1996-08-09,SMI,3494.4
1996-08-10,SMI,3604.6
1996-08-11,SMI,3623.3
1996-08-13,SMI,3629
1996-08-14,SMI,3662.6
1996-08-16,SMI,3653.4
1996-08-17,SMI,3643.2
1996-08-18,SMI,3623.1
1996-08-20,SMI,3630.2
1996-08-21,SMI,3650.7
1996-08-23,SMI,3646.3
1996-08-24,SMI,3670.5
1996-08-25,SMI,3664.4
1996-08-27,SMI,3698.2
1996-08-28,SMI,3683.8
1996-08-30,SMI,3713
1996-08-31,SMI,3725.4
1996-09-01,SMI,3714.6
1996-09-03,SMI,3722.4
1996-09-04,SMI,3692.6
1996-09-06,SMI,3682.6
1996-09-07,SMI,3646.3
1996-09-08,SMI,3654.7
1996-09-10,SMI,3623.9
1996-09-11,SMI,3634.2
1996-09-13,SMI,3627.1
1996-09-14,SMI,3637.8
1996-09-16,SMI,3684.4
1996-09-17,SMI,3694.2
1996-09-18,SMI,3678.9
1996-09-20,SMI,3687.2
1996-09-21,SMI,3716.8
1996-09-23,SMI,3722.7
1996-09-24,SMI,3690
1996-09-25,SMI,3690.1
1996-09-27,SMI,3694.9
1996-09-28,SMI,3694.9
1996-09-30,SMI,3635.5
1996-10-01,SMI,3661.2
1996-10-02,SMI,3697.7
1996-10-04,SMI,3699.5
1996-10-05,SMI,3696.6
1996-10-07,SMI,3736.4
1996-10-08,SMI,3737.5
1996-10-09,SMI,3760.2
1996-10-11,SMI,3771.6
1996-10-12,SMI,3771.6
1996-10-14,SMI,3813.7
1996-10-15,SMI,3818.1
1996-10-16,SMI,3807.9
1996-10-18,SMI,3797.3
1996-10-19,SMI,3805.2
1996-10-21,SMI,3813.7
1996-10-22,SMI,3822.2
1996-10-24,SMI,3790.2
1996-10-25,SMI,3793.2
1996-10-26,SMI,3803.3
1996-10-28,SMI,3788.2
1996-10-29,SMI,3775.3
1996-10-31,SMI,3742.9
1996-11-01,SMI,3753.6
1996-11-02,SMI,3758.7
1996-11-04,SMI,3763.5
1996-11-05,SMI,3732
1996-11-07,SMI,3723.1
1996-11-08,SMI,3725.3
1996-11-09,SMI,3736.1
1996-11-11,SMI,3749.2
1996-11-12,SMI,3784.8
1996-11-14,SMI,3815.4
1996-11-15,SMI,3811.5
1996-11-16,SMI,3812
1996-11-18,SMI,3827.6
1996-11-19,SMI,3829.8
1996-11-21,SMI,3825.7
1996-11-22,SMI,3856.4
1996-11-23,SMI,3897.9
1996-11-25,SMI,3888.3
1996-11-26,SMI,3892.6
1996-11-28,SMI,3883.3
1996-11-29,SMI,3861.5
1996-12-01,SMI,3882.8
1996-12-02,SMI,3891.7
1996-12-03,SMI,3878.2
1996-12-05,SMI,3845.3
1996-12-06,SMI,3884.1
1996-12-08,SMI,3902.5
1996-12-09,SMI,3874
1996-12-10,SMI,3924.5
1996-12-12,SMI,3910.6
1996-12-13,SMI,3913.8
1996-12-15,SMI,3835.5
1996-12-16,SMI,3874
1996-12-17,SMI,3885.4
1996-12-19,SMI,3857.6
1996-12-20,SMI,3860
1996-12-22,SMI,3839.3
1996-12-23,SMI,3869.2
1996-12-24,SMI,3850.4
1996-12-26,SMI,3874
1996-12-27,SMI,3880.8
1996-12-29,SMI,3890.1
1996-12-30,SMI,3875.5
1997-01-01,SMI,3869.8
1997-01-02,SMI,3869.8
1997-01-03,SMI,3869.8
1997-01-05,SMI,3922.2
1997-01-06,SMI,3948.3
1997-01-08,SMI,3942.2
1997-01-09,SMI,3942.2
1997-01-10,SMI,3942.2
1997-01-12,SMI,3940.1
1997-01-13,SMI,3923.8
1997-01-15,SMI,3922.9
1997-01-16,SMI,3944.9
1997-01-17,SMI,3966.2
1997-01-19,SMI,3947.4
1997-01-20,SMI,3975.5
1997-01-22,SMI,3983.6
1997-01-23,SMI,3979.6
1997-01-24,SMI,4007.1
1997-01-26,SMI,4019.9
1997-01-27,SMI,4009.5
1997-01-29,SMI,4023.1
1997-01-30,SMI,4115.4
1997-01-31,SMI,4161
1997-02-02,SMI,4125.5
1997-02-03,SMI,4127.3
1997-02-05,SMI,4182.3
1997-02-06,SMI,4169.7
1997-02-07,SMI,4209.1
1997-02-09,SMI,4272.2
1997-02-10,SMI,4282.8
1997-02-12,SMI,4296.5
1997-02-13,SMI,4305.5
1997-02-14,SMI,4309.8
1997-02-16,SMI,4357.9
1997-02-17,SMI,4384.3
1997-02-19,SMI,4408.4
1997-02-20,SMI,4444.1
1997-02-21,SMI,4436.3
1997-02-23,SMI,4464.2
1997-02-24,SMI,4514.6
1997-02-26,SMI,4490.7
1997-02-27,SMI,4525.5
1997-02-28,SMI,4530.8
1997-03-02,SMI,4522.5
1997-03-03,SMI,4463.2
1997-03-05,SMI,4503.9
1997-03-06,SMI,4539
1997-03-07,SMI,4519.7
1997-03-09,SMI,4487.6
1997-03-10,SMI,4460.1
1997-03-12,SMI,4513.7
1997-03-13,SMI,4547.1
1997-03-15,SMI,4605.2
1997-03-16,SMI,4638.9
1997-03-17,SMI,4684.4
1997-03-19,SMI,4677.1
1997-03-20,SMI,4676.2
1997-03-22,SMI,4609.9
1997-03-23,SMI,4636.2
1997-03-24,SMI,4556.5
1997-03-26,SMI,4519.9
1997-03-27,SMI,4535.1
1997-03-29,SMI,4442.9
1997-03-30,SMI,4491.3
1997-03-31,SMI,4497.3
1997-04-02,SMI,4558.6
1997-04-03,SMI,4620.5
1997-04-05,SMI,4659.2
1997-04-06,SMI,4659.2
1997-04-07,SMI,4659.2
1997-04-09,SMI,4501.7
1997-04-10,SMI,4488.7
1997-04-12,SMI,4463.9
1997-04-13,SMI,4471.5
1997-04-14,SMI,4588
1997-04-16,SMI,4582.6
1997-04-17,SMI,4634.9
1997-04-19,SMI,4626.6
1997-04-20,SMI,4604.2
1997-04-21,SMI,4586.3
1997-04-23,SMI,4643.4
1997-04-24,SMI,4625.6
1997-04-26,SMI,4665.7
1997-04-27,SMI,4699.1
1997-04-28,SMI,4740.1
1997-04-30,SMI,4752.3
1997-05-01,SMI,4781.1
1997-05-03,SMI,4836.1
1997-05-04,SMI,4772.3
1997-05-05,SMI,4793.3
1997-05-07,SMI,4855.1
1997-05-08,SMI,4897.6
1997-05-10,SMI,4897.6
1997-05-11,SMI,4953.5
1997-05-12,SMI,5029.6
1997-05-14,SMI,4988.4
1997-05-15,SMI,5016
1997-05-17,SMI,5016
1997-05-18,SMI,5004.7
1997-05-19,SMI,5042.5
1997-05-21,SMI,5084.2
1997-05-22,SMI,5134.3
1997-05-24,SMI,5141.7
1997-05-25,SMI,5157.5
1997-05-27,SMI,5157.5
1997-05-28,SMI,5081
1997-05-29,SMI,5178.6
1997-05-31,SMI,5176.4
1997-06-01,SMI,5181
1997-06-03,SMI,5196.7
1997-06-04,SMI,5190
1997-06-05,SMI,5133.1
1997-06-07,SMI,5132.1
1997-06-08,SMI,5041.6
1997-06-10,SMI,5150
1997-06-11,SMI,5207.2
1997-06-12,SMI,5238.5
1997-06-14,SMI,5251.2
1997-06-15,SMI,5320
1997-06-17,SMI,5368.8
1997-06-18,SMI,5361.9
1997-06-19,SMI,5308.6
1997-06-21,SMI,5364.2
1997-06-22,SMI,5384.6
1997-06-24,SMI,5362
1997-06-25,SMI,5345.9
1997-06-26,SMI,5405
1997-06-28,SMI,5510.3
1997-06-29,SMI,5561.8
1997-07-01,SMI,5587.8
1997-07-02,SMI,5576.1
1997-07-03,SMI,5662.4
1997-07-05,SMI,5669.9
1997-07-06,SMI,5700.3
1997-07-08,SMI,5620.6
1997-07-09,SMI,5654.8
1997-07-10,SMI,5674.3
1997-07-12,SMI,5804.9
1997-07-13,SMI,5846.5
1997-07-15,SMI,5947
1997-07-16,SMI,6012.6
1997-07-17,SMI,5977.1
1997-07-19,SMI,5885.4
1997-07-20,SMI,5801.5
1997-07-22,SMI,5845.8
1997-07-23,SMI,5844.7
1997-07-24,SMI,5927.5
1997-07-26,SMI,5868.3
1997-07-27,SMI,5737.1
1997-07-29,SMI,5620.5
1997-07-30,SMI,5677.1
1997-07-31,SMI,5869.9
1997-08-02,SMI,5849.2
1997-08-03,SMI,5847
1997-08-05,SMI,5888
1997-08-06,SMI,5842.1
1997-08-08,SMI,5929.5
1997-08-09,SMI,5898.2
1997-08-10,SMI,5898.2
1997-08-12,SMI,5771
1997-08-13,SMI,5765.2
1997-08-15,SMI,5812.1
1997-08-16,SMI,5922.1
1997-08-17,SMI,5864.8
1997-08-19,SMI,5825.6
1997-08-20,SMI,5808.4
1997-08-22,SMI,5682.1
1997-08-23,SMI,5579.5
1997-08-24,SMI,5498.5
1997-08-26,SMI,5405.6
1997-08-27,SMI,5580.1
1997-08-29,SMI,5690.1
1997-08-30,SMI,5668.8
1997-08-31,SMI,5475.8
1997-09-02,SMI,5473.9
1997-09-03,SMI,5363.3
1997-09-05,SMI,5409.6
1997-09-06,SMI,5217.3
1997-09-07,SMI,5216.7
1997-09-09,SMI,5271.5
1997-09-10,SMI,5447.5
1997-09-12,SMI,5478.6
1997-09-13,SMI,5478.1
1997-09-14,SMI,5532.9
1997-09-16,SMI,5505.3
1997-09-17,SMI,5445.1
1997-09-19,SMI,5356.7
1997-09-20,SMI,5280.8
1997-09-21,SMI,5281.9
1997-09-23,SMI,5321.7
1997-09-24,SMI,5417.8
1997-09-26,SMI,5550.4
1997-09-27,SMI,5629
1997-09-28,SMI,5611
1997-09-30,SMI,5705.1
1997-10-01,SMI,5730.4
1997-10-03,SMI,5732.5
1997-10-04,SMI,5667.1
1997-10-05,SMI,5716.6
1997-10-07,SMI,5691.8
1997-10-08,SMI,5673.6
1997-10-10,SMI,5754.7
1997-10-11,SMI,5825
1997-10-12,SMI,5929
1997-10-14,SMI,5897.4
1997-10-15,SMI,5846.9
1997-10-17,SMI,5822.3
1997-10-18,SMI,5732.2
1997-10-20,SMI,5699.5
1997-10-21,SMI,5792.8
1997-10-22,SMI,5836.3
1997-10-24,SMI,5815.9
1997-10-25,SMI,5806.8
1997-10-27,SMI,5751.6
1997-10-28,SMI,5777.2
1997-10-29,SMI,5862.9
1997-10-31,SMI,5803.2
1997-11-01,SMI,5651.8
1997-11-03,SMI,5689.5
1997-11-04,SMI,5533.5
1997-11-05,SMI,5279.7
1997-11-07,SMI,5479
1997-11-08,SMI,5370.9
1997-11-10,SMI,5467.2
1997-11-11,SMI,5581.6
1997-11-12,SMI,5538.2
1997-11-14,SMI,5601.6
1997-11-15,SMI,5557.4
1997-11-17,SMI,5438.6
1997-11-18,SMI,5459.7
1997-11-19,SMI,5483.9
1997-11-21,SMI,5434
1997-11-22,SMI,5418.2
1997-11-24,SMI,5437
1997-11-25,SMI,5565
1997-11-26,SMI,5574.2
1997-11-28,SMI,5571.7
1997-11-29,SMI,5650.4
1997-12-01,SMI,5725.5
1997-12-02,SMI,5645.7
1997-12-03,SMI,5666.3
1997-12-05,SMI,5738.3
1997-12-06,SMI,5772.4
1997-12-08,SMI,5775.9
1997-12-09,SMI,5875.1
1997-12-10,SMI,5919.9
1997-12-12,SMI,5922.7
1997-12-13,SMI,5969.5
1997-12-15,SMI,6009
1997-12-16,SMI,6095.3
1997-12-17,SMI,6103.2
1997-12-19,SMI,6056.6
1997-12-20,SMI,6021.8
1997-12-22,SMI,6018.7
1997-12-23,SMI,5986.6
1997-12-24,SMI,6092.7
1997-12-26,SMI,6122.1
1997-12-27,SMI,6115.1
1997-12-29,SMI,5989.9
1997-12-30,SMI,6049.3
1998-01-01,SMI,6044.7
1998-01-02,SMI,6046.7
1998-01-03,SMI,6046.7
1998-01-05,SMI,6046.7
1998-01-06,SMI,6190.4
1998-01-08,SMI,6267.6
1998-01-09,SMI,6265.5
1998-01-10,SMI,6265.5
1998-01-12,SMI,6265.5
1998-01-13,SMI,6397
1998-01-15,SMI,6375.7
1998-01-16,SMI,6390
1998-01-17,SMI,6330.2
1998-01-19,SMI,6251.8
1998-01-20,SMI,6062.1
1998-01-22,SMI,6169.3
1998-01-23,SMI,6149.8
1998-01-24,SMI,6148.5
1998-01-26,SMI,6274
1998-01-27,SMI,6340.4
1998-01-29,SMI,6397.5
1998-01-30,SMI,6391.4
1998-01-31,SMI,6356.1
1998-02-02,SMI,6391
1998-02-03,SMI,6411
1998-02-05,SMI,6424
1998-02-06,SMI,6508.7
1998-02-07,SMI,6530.4
1998-02-09,SMI,6582.6
1998-02-10,SMI,6688
1998-02-12,SMI,6720.7
1998-02-13,SMI,6708.9
1998-02-14,SMI,6772
1998-02-16,SMI,6857.1
1998-02-17,SMI,6828.4
1998-02-19,SMI,6860.8
1998-02-20,SMI,6931.6
1998-02-21,SMI,6856
1998-02-23,SMI,6898.9
1998-02-24,SMI,6905.3
1998-02-26,SMI,6990.5
1998-02-27,SMI,6966.2
1998-02-28,SMI,6953.2
1998-03-02,SMI,6986.7
1998-03-03,SMI,6986.1
1998-03-05,SMI,6945
1998-03-06,SMI,7065.4
1998-03-07,SMI,7118.6
1998-03-09,SMI,7153.1
1998-03-10,SMI,7273
1998-03-12,SMI,7259.5
1998-03-13,SMI,7130.5
1998-03-15,SMI,7077.3
1998-03-16,SMI,7197.2
1998-03-17,SMI,7187.5
1998-03-19,SMI,7246.5
1998-03-20,SMI,7276.7
1998-03-22,SMI,7267.9
1998-03-23,SMI,7328
1998-03-24,SMI,7261.2
1998-03-26,SMI,7236.5
1998-03-27,SMI,7132.4
1998-03-29,SMI,7143.8
1998-03-30,SMI,7300.5
1998-03-31,SMI,7341
1998-04-02,SMI,7407.4
1998-04-03,SMI,7472.1
1998-04-05,SMI,7415.9
1998-04-06,SMI,7530.3
1998-04-07,SMI,7536.3
1998-04-09,SMI,7585.5
1998-04-10,SMI,7615.5
1998-04-12,SMI,7638.8
1998-04-13,SMI,7725.9
1998-04-14,SMI,7827.7
1998-04-16,SMI,7744.3
1998-04-17,SMI,7588.1
1998-04-19,SMI,7624.1
1998-04-20,SMI,7624.1
1998-04-21,SMI,7624.1
1998-04-23,SMI,7662.9
1998-04-24,SMI,7616.3
1998-04-26,SMI,7500.1
1998-04-27,SMI,7453.7
1998-04-28,SMI,7500.1
1998-04-30,SMI,7369.1
1998-05-01,SMI,7308.9
1998-05-03,SMI,7265.5
1998-05-04,SMI,7232.3
1998-05-05,SMI,7053.5
1998-05-07,SMI,7180.1
1998-05-08,SMI,7241.8
1998-05-10,SMI,7401.4
1998-05-11,SMI,7401.4
1998-05-12,SMI,7640.8
1998-05-14,SMI,7596.2
1998-05-15,SMI,7610.8
1998-05-17,SMI,7536
1998-05-18,SMI,7587.1
1998-05-19,SMI,7677.5
1998-05-21,SMI,7627.3
1998-05-22,SMI,7582.8
1998-05-24,SMI,7550.6
1998-05-25,SMI,7519.4
1998-05-27,SMI,7371.4
1998-05-28,SMI,7483.2
1998-05-29,SMI,7495.8
1998-05-31,SMI,7495.8
1998-06-01,SMI,7542.7
1998-06-03,SMI,7657.1
1998-06-04,SMI,7731.9
1998-06-05,SMI,7633.5
1998-06-07,SMI,7605
1998-06-08,SMI,7656.1
1998-06-10,SMI,7656.1
1998-06-11,SMI,7657.5
1998-06-12,SMI,7676.3
1998-06-14,SMI,7592.9
1998-06-15,SMI,7699.5
1998-06-17,SMI,7743.4
1998-06-18,SMI,7716.8
1998-06-19,SMI,7652.6
1998-06-21,SMI,7498.4
1998-06-22,SMI,7417.4
1998-06-24,SMI,7342.7
1998-06-25,SMI,7388.7
1998-06-26,SMI,7562.7
1998-06-28,SMI,7488
1998-06-29,SMI,7518.6
1998-07-01,SMI,7511.8
1998-07-02,SMI,7624.8
1998-07-03,SMI,7667.9
1998-07-05,SMI,7794.7
1998-07-06,SMI,7816.9
1998-07-08,SMI,7881.9
1998-07-09,SMI,7882
1998-07-10,SMI,8038.2
1998-07-12,SMI,8047.3
1998-07-13,SMI,8099
1998-07-15,SMI,8166
1998-07-16,SMI,8160
1998-07-17,SMI,8227.2
1998-07-19,SMI,8205
1998-07-20,SMI,8192.4
1998-07-22,SMI,8141.9
1998-07-23,SMI,8180.5
1998-07-24,SMI,8158.1
1998-07-26,SMI,8126.5
1998-07-27,SMI,8288.2
1998-07-29,SMI,8400.8
1998-07-30,SMI,8412
1998-07-31,SMI,8340.7
1998-08-02,SMI,8229.2
1998-08-03,SMI,8205.7
1998-08-05,SMI,7998.7
1998-08-06,SMI,8093
1998-08-08,SMI,8102.7
1998-08-09,SMI,8205.5
1998-08-10,SMI,8239.5
1998-08-12,SMI,8139.2
1998-08-13,SMI,8170.2
1998-08-15,SMI,7943.2
1998-08-16,SMI,7846.2
1998-08-17,SMI,7952.9
1998-08-19,SMI,7721.3
1998-08-20,SMI,7447.9
1998-08-22,SMI,7607.5
1998-08-23,SMI,7552.6
1998-08-24,SMI,7676.3
